name,id,tier,rarity,tech/manufacturer,tags,uiTags,base value,unlocked,hidden,hiddenEverywhere,cost_frigate,cost_dest,cost_cruiser,cost_capital,script,desc,short,sModDesc,sprite,
Встроенный «Вулкан»,kol_vulcan,,,,,,,,TRUE,TRUE,0,0,0,0,org.selkie.kol.hullmods.ModuleVulcan,"Нет, не смотрите сюда.",Не смотреть.,,,
Примитивные щиты,kol_shields,3,0,,,,,,TRUE,TRUE,0,0,0,0,org.selkie.kol.hullmods.KnightShields,"Этот корабль использует раннюю ветвь щитовой технологии, которая так и не получила широкого распространения. Такие щиты очень эффективны, но имеют ограниченную длительность работы и требуют регулярной перезарядки либо полного отключения для сброса.","Щиты можно использовать лишь кратковременно, независимо от уровня нагрузки.",,graphics/icons/skills/field_modulation.png, 
Рыцарский рефит,kol_refit,,0,,,,,,TRUE,,0,0,0,0,org.selkie.kol.hullmods.KnightRefit,"Этот корабль был модернизирован военным крылом Луддической Церкви. Считающиеся устаревшими, эти корпуса получили обширные модульные бронеплиты для защиты, первичную оптимизацию под баллистическое вооружение и примитивные щитовые эмиттеры на базе конденсаторов.",Баллистика в комбинированных слотах повышает потоковые показатели. Скорость растет при потере модулей.,,graphics/kol/hullmods/kol_knight_refit.png,
Рыцарский модуль,kol_module,,0,,hide_in_codex,,,,TRUE,,0,0,0,0,org.selkie.kol.hullmods.KnightModule,Рыцарский модуль,Рыцарский модуль,,graphics/icons/skills/polarized_armor.png,
Векторизация тяги Lunaria,kol_module_vectoring,,0,,,,,,TRUE,TRUE,0,0,0,0,org.selkie.kol.hullmods.LunariaArmorModuleVectoring,Векторизация модульной брони,Векторизация модульной брони,,graphics/icons/skills/polarized_armor.png,
Штормовой всадник,logi_stormrider,,0,,,,,,TRUE,,0,0,0,0,org.selkie.kol.hullmods.Stormrider,"В центральный корпус каждого корабля класса Stormbreaker встроен массивный тороидальный магнитный щит от гиперштормов.
 
Перенаправляет удары гипершторма так, чтобы они в целом совпадали с текущим курсом флота. Снижает влияние ударов гипершторма на боеготовность всего флота на %s; также дает половинный эффект при операциях в солнечной короне.",Штормовой всадник,,graphics/icons/abilities/slipsurge.png,
Сенсорный комплекс «Оракул»,logi_oracle,,0,,codex_require_related,,,,TRUE,,0,0,0,0,org.selkie.kol.hullmods.OracleSensorSuite,"Покрытый датчиками от носа до кормы, сенсорный комплекс «Оракул» обеспечивает непревзойденное раннее обнаружение, картографирование навигации и возможности командования и управления.",Оракул,,,
,,,,,,,,,,,,,,,,,,,,
,,,,,,,,,,,,,,,,,,,,
,,,,,,,,,,,,,,,,,,,,
,,,,,,,,,,,,,,,,,,,,
,,,,,,,,,,,,,,,,,,,,
,,,,,,,,,,,,,,,,,,,,
,,,,,,,,,,,,,,,,,,,,
,,,,,,,,,,,,,,,,,,,,
,,,,,,,,,,,,,,,,,,,,
,,,,,,,,,,,,,,,,,,,,
,,,,,,,,,,,,,,,,,,,,
,,,,,,,,,,,,,,,,,,,,
,,,,,,,,,,,,,,,,,,,,
,,,,,,,,,,,,,,,,,,,,
,,,,,,,,,,,,,,,,,,,,
,,,,,,,,,,,,,,,,,,,,
,,,,,,,,,,,,,,,,,,,,
,,,,,,,,,,,,,,,,,,,,
,,,,,,,,,,,,,,,,,,,,
,,,,,,,,,,,,,,,,,,,,
,,,,,,,,,,,,,,,,,,,,
,,,,,,,,,,,,,,,,,,,,
,,,,,,,,,,,,,,,,,,,,
,,,,,,,,,,,,,,,,,,,,
,,,,,,,,,,,,,,,,,,,,
,,,,,,,,,,,,,,,,,,,,
,,,,,,,,,,,,,,,,,,,,
,,,,,,,,,,,,,,,,,,,,
,,,,,,,,,,,,,,,,,,,,
,,,,,,,,,,,,,,,,,,,,
,,,,,,,,,,,,,,,,,,,,
,,,,,,,,,,,,,,,,,,,,
,,,,,,,,,,,,,,,,,,,,
,,,,,,,,,,,,,,,,,,,,
,,,,,,,,,,,,,,,,,,,,
,,,,,,,,,,,,,,,,,,,,
,,,,,,,,,,,,,,,,,,,,
,,,,,,,,,,,,,,,,,,,,
,,,,,,,,,,,,,,,,,,,,
,,,,,,,,,,,,,,,,,,,,
,,,,,,,,,,,,,,,,,,,,
,,,,,,,,,,,,,,,,,,,,
,,,,,,,,,,,,,,,,,,,,
,,,,,,,,,,,,,,,,,,,,
,,,,,,,,,,,,,,,,,,,,
,,,,,,,,,,,,,,,,,,,,
,,,,,,,,,,,,,,,,,,,,
,,,,,,,,,,,,,,,,,,,,
,,,,,,,,,,,,,,,,,,,,
,,,,,,,,,,,,,,,,,,,,
,,,,,,,,,,,,,,,,,,,,
,,,,,,,,,,,,,,,,,,,,
,,,,,,,,,,,,,,,,,,,,
,,,,,,,,,,,,,,,,,,,,
,,,,,,,,,,,,,,,,,,,,
,,,,,,,,,,,,,,,,,,,,
,,,,,,,,,,,,,,,,,,,,
,,,,,,,,,,,,,,,,,,,,
,,,,,,,,,,,,,,,,,,,,
,,,,,,,,,,,,,,,,,,,,
,,,,,,,,,,,,,,,,,,,,
,,,,,,,,,,,,,,,,,,,,
,,,,,,,,,,,,,,,,,,,,
,,,,,,,,,,,,,,,,,,,,
,,,,,,,,,,,,,,,,,,,,
,,,,,,,,,,,,,,,,,,,,
,,,,,,,,,,,,,,,,,,,,
,,,,,,,,,,,,,,,,,,,,
,,,,,,,,,,,,,,,,,,,,
,,,,,,,,,,,,,,,,,,,,
,,,,,,,,,,,,,,,,,,,,
,,,,,,,,,,,,,,,,,,,,
,,,,,,,,,,,,,,,,,,,,
,,,,,,,,,,,,,,,,,,,,
,,,,,,,,,,,,,,,,,,,,
,,,,,,,,,,,,,,,,,,,,
,,,,,,,,,,,,,,,,,,,,
,,,,,,,,,,,,,,,,,,,,
,,,,,,,,,,,,,,,,,,,,
,,,,,,,,,,,,,,,,,,,,
,,,,,,,,,,,,,,,,,,,,
,,,,,,,,,,,,,,,,,,,,
,,,,,,,,,,,,,,,,,,,,
,,,,,,,,,,,,,,,,,,,,
,,,,,,,,,,,,,,,,,,,,
,,,,,,,,,,,,,,,,,,,,
,,,,,,,,,,,,,,,,,,,,
,,,,,,,,,,,,,,,,,,,,
,,,,,,,,,,,,,,,,,,,,
,,,,,,,,,,,,,,,,,,,,
,,,,,,,,,,,,,,,,,,,,
,,,,,,,,,,,,,,,,,,,,
,,,,,,,,,,,,,,,,,,,,
,,,,,,,,,,,,,,,,,,,,
,,,,,,,,,,,,,,,,,,,,
,,,,,,,,,,,,,,,,,,,,
,,,,,,,,,,,,,,,,,,,,
,,,,,,,,,,,,,,,,,,,,
,,,,,,,,,,,,,,,,,,,,
,,,,,,,,,,,,,,,,,,,,
,,,,,,,,,,,,,,,,,,,,
,,,,,,,,,,,,,,,,,,,,
,,,,,,,,,,,,,,,,,,,,
,,,,,,,,,,,,,,,,,,,,
,,,,,,,,,,,,,,,,,,,,
,,,,,,,,,,,,,,,,,,,,
,,,,,,,,,,,,,,,,,,,,
,,,,,,,,,,,,,,,,,,,,
,,,,,,,,,,,,,,,,,,,,
,,,,,,,,,,,,,,,,,,,,
,,,,,,,,,,,,,,,,,,,,
,,,,,,,,,,,,,,,,,,,,
,,,,,,,,,,,,,,,,,,,,
,,,,,,,,,,,,,,,,,,,,
,,,,,,,,,,,,,,,,,,,,
,,,,,,,,,,,,,,,,,,,,
,,,,,,,,,,,,,,,,,,,,
,,,,,,,,,,,,,,,,,,,,
,,,,,,,,,,,,,,,,,,,,
,,,,,,,,,,,,,,,,,,,,
,,,,,,,,,,,,,,,,,,,,
,,,,,,,,,,,,,,,,,,,,
,,,,,,,,,,,,,,,,,,,,
,,,,,,,,,,,,,,,,,,,,
,,,,,,,,,,,,,,,,,,,,
,,,,,,,,,,,,,,,,,,,,
,,,,,,,,,,,,,,,,,,,,
,,,,,,,,,,,,,,,,,,,,
,,,,,,,,,,,,,,,,,,,,
,,,,,,,,,,,,,,,,,,,,
,,,,,,,,,,,,,,,,,,,,
,,,,,,,,,,,,,,,,,,,,
,,,,,,,,,,,,,,,,,,,,
,,,,,,,,,,,,,,,,,,,,
,,,,,,,,,,,,,,,,,,,,
,,,,,,,,,,,,,,,,,,,,
,,,,,,,,,,,,,,,,,,,,
,,,,,,,,,,,,,,,,,,,,
,,,,,,,,,,,,,,,,,,,,
,,,,,,,,,,,,,,,,,,,,
,,,,,,,,,,,,,,,,,,,,
,,,,,,,,,,,,,,,,,,,,
,,,,,,,,,,,,,,,,,,,,
,,,,,,,,,,,,,,,,,,,,
,,,,,,,,,,,,,,,,,,,,
,,,,,,,,,,,,,,,,,,,,
,,,,,,,,,,,,,,,,,,,,
,,,,,,,,,,,,,,,,,,,,
,,,,,,,,,,,,,,,,,,,,
,,,,,,,,,,,,,,,,,,,,
,,,,,,,,,,,,,,,,,,,,
,,,,,,,,,,,,,,,,,,,,
,,,,,,,,,,,,,,,,,,,,
,,,,,,,,,,,,,,,,,,,,
,,,,,,,,,,,,,,,,,,,,
,,,,,,,,,,,,,,,,,,,,
,,,,,,,,,,,,,,,,,,,,
,,,,,,,,,,,,,,,,,,,,
,,,,,,,,,,,,,,,,,,,,
,,,,,,,,,,,,,,,,,,,,
,,,,,,,,,,,,,,,,,,,,
,,,,,,,,,,,,,,,,,,,,
,,,,,,,,,,,,,,,,,,,,
,,,,,,,,,,,,,,,,,,,,
,,,,,,,,,,,,,,,,,,,,
,,,,,,,,,,,,,,,,,,,,
,,,,,,,,,,,,,,,,,,,,
,,,,,,,,,,,,,,,,,,,,
,,,,,,,,,,,,,,,,,,,,
,,,,,,,,,,,,,,,,,,,,
,,,,,,,,,,,,,,,,,,,,
,,,,,,,,,,,,,,,,,,,,
,,,,,,,,,,,,,,,,,,,,
,,,,,,,,,,,,,,,,,,,,
,,,,,,,,,,,,,,,,,,,,
,,,,,,,,,,,,,,,,,,,,
,,,,,,,,,,,,,,,,,,,,
,,,,,,,,,,,,,,,,,,,,
,,,,,,,,,,,,,,,,,,,,
,,,,,,,,,,,,,,,,,,,,
,,,,,,,,,,,,,,,,,,,,
,,,,,,,,,,,,,,,,,,,,
,,,,,,,,,,,,,,,,,,,,
,,,,,,,,,,,,,,,,,,,,
,,,,,,,,,,,,,,,,,,,,
,,,,,,,,,,,,,,,,,,,,
,,,,,,,,,,,,,,,,,,,,
,,,,,,,,,,,,,,,,,,,,
,,,,,,,,,,,,,,,,,,,,
,,,,,,,,,,,,,,,,,,,,
,,,,,,,,,,,,,,,,,,,,
,,,,,,,,,,,,,,,,,,,,
,,,,,,,,,,,,,,,,,,,,
,,,,,,,,,,,,,,,,,,,,
Безмятежный туман,zea_dusk_mist,,0,,,Bling,,,TRUE,TRUE,0,0,0,0,org.selkie.zea.combat.CreepyFog,,Дарит чувство безопасности.,,,
,,,,,,,,,,,,,,,,,,,,
# Shield styles,,,,,,,,,,,,,,,,,,,,
Стиль щита Dawn,zea_dawn_shield_style,,,,,,,,TRUE,TRUE,0,0,0,0,org.selkie.zea.hullmods.DawnShieldStyle,,Заменяет стиль щита на Dawn,,,
Стиль щита Dusk,zea_dusk_shield_style,,,,,,,,TRUE,TRUE,0,0,0,0,org.selkie.zea.hullmods.DuskShieldStyle,,Заменяет стиль щита на Dusk,,,
Элизийский стиль щита,zea_edf_shield_style,,,,,,,,TRUE,TRUE,0,0,0,0,org.selkie.zea.hullmods.ElysianShieldStyle,,Заменяет стиль щита на Элизийский,,,
,,,,,,,,,,,,,,,,,,,,
# Boss Specific,,,,,,,,,,,,,,,,,,,,
Босс Nian,zea_nian_boss,,,,,,,,TRUE,TRUE,0,0,0,0,org.selkie.zea.hullmods.NianBoss,,,,,
Босс Ninaya,zea_ninaya_boss,,,,,,,,TRUE,TRUE,0,0,0,0,org.selkie.zea.hullmods.NinayaBoss,,,,,
Босс Ninmah,zea_ninmah_boss,,,,,,,,TRUE,TRUE,0,0,0,0,org.selkie.zea.hullmods.NinmahBoss,,,,,
Босс Nineveh,zea_nineveh_boss,,,,,,,,TRUE,TRUE,0,0,0,0,org.selkie.zea.hullmods.NinevehBoss,,,,,
Реверс-инжиниринг фазовых катушек,zea_re_phase_coils,,,,codex_require_related,,,,TRUE,,0,0,0,0,org.selkie.zea.hullmods.ReverseEngineeredPhaseCoils,Снижает перезарядку фазового покрова на %s.,Значительно снижает перезарядку фазового покрова.,,graphics/hullmods/phase_coils_experimental.png,
Босс Yukionna,zea_dusk_yukionna_boss,,,,,,,,TRUE,TRUE,0,0,0,0,org.selkie.zea.hullmods.YukionnaBoss,,,,,
Босс «Порочное сердце»,zea_corruptingheart_boss,,,,,,,,TRUE,TRUE,0,0,0,0,org.selkie.zea.hullmods.CorruptingHeartBoss,,,,,
Пассивный IFF-дестабилизатор,zea_edf_passive_iff_disruptor,,,,,,,,TRUE,TRUE,0,0,0,0,org.selkie.zea.hullmods.PassiveIFFDisruptorHullmod,,,,,
Дрон Shachihoko,zea_edf_shachihoko_drone,,,,codex_require_related,,,,TRUE,,0,0,0,0,org.selkie.zea.hullmods.ShachihokoDroneHullmod,,,,,
Босс Amaterasu,zea_amaterasu_boss,,,,,,,,TRUE,TRUE,0,0,0,0,org.selkie.zea.hullmods.AmaterasuBoss,,,,,
Сияние,zea_boss_radiance,,,,,,,,TRUE,TRUE,0,0,0,0,org.selkie.zea.hullmods.RadianceHullmod,,,,,
Вспомогательная интеграция,zea_ama_auxilary_integration,,,,codex_require_related,,,,TRUE,,0,0,0,0,org.selkie.zea.hullmods.AuxilaryIntegration,"Снижает стоимость в очках оснащения всех малых орудий, орудий ПВО и истребителей на %s.",,,graphics/zea/hullmods/zea_edf_amabuff.png,
,,,,,,,,,,,,,,,,,,,,
# General,,,,,,,,,,,,,,,,,,,,
Доктрина выжженных небес,zea_recovery_limiter,,,,,,,,TRUE,TRUE,0,0,0,0,org.selkie.zea.hullmods.AttainmentManager,,Конформный щит,,graphics/icons/skills/field_modulation.png,
Прилив рассвета,zea_dawn_builtin,,,,codex_require_related,,,,TRUE,,0,0,0,0,org.selkie.zea.hullmods.DawnBuiltin,"Хотя на первый взгляд эти экзотические корпуса напоминают дронокорабли Доминиона, они были существенно переработаны: все суда Dawntide оснащены динамическими системами наведения и массивными внешними бронеплитами, а крупные корабли используют специализированные нанокузни для поддержки малого звена щитовых дронов.",,,graphics/zea/hullmods/zea_dawn_cascade.png,
Закат сумерек,zea_dusk_builtin,,,,codex_require_related,,,,TRUE,,0,0,0,0,org.selkie.zea.hullmods.DuskBuiltin,"Комплекс экзотической техники неизвестного происхождения: датчики показывают, что через эти системы проходит колоссальный объем энергии. Экспериментальные фазовые катушки корабля идеально подстраиваются под рост потока и выдерживают невероятные уровни жёсткой нагрузки по сравнению со стандартными катушками Доминиона, не теряя эффективности.",,,graphics/zea/hullmods/zea_dusk_phasecoils.png,
Элизийская инженерия,zea_edf_builtin,,,,codex_require_related,,,,TRUE,,0,0,0,0,org.selkie.zea.hullmods.ElysianBuiltin,"Этот корабль создан для боя в палящей Элизийской Бездне. Плотно интегрированные системы втягивают звездное излучение в специализированные конденсаторы, а затем расходуют его на сверхзаряд вооружения и двигателей. Дроны ПВО очищают реальное пространство от физических угроз - будь то обломки или ракеты.",,,graphics/zea/hullmods/zea_edf_eng.png,
Конформный щит,zea_conformal_shield,3,0,,"no_drop, no_drop_salvage, no_dealer, restricted, codex_require_related","Defenses, Shields",,,,,0,0,0,0,org.selkie.zea.hullmods.HardcodedOffsetShields,"Этот корабль оснащен нестандартным эмиттером, удерживающим передний щит максимально близко к корпусу. Дуга щита фиксирована и не может превышать %s градусов, а сам эмиттер всегда направлен строго вперед, независимо от установленного типа щита.",Конформный щит,,graphics/hullmods/front_shield_emitter.png,
Устойчивый щитовой эмиттер,zea_edf_resilientshieldemitter,,,,,,,,TRUE,TRUE,0,0,0,0,org.selkie.zea.hullmods.ResilientShieldEmitter,,,,,
Переопределение IFF,zea_edf_iff_override,,,,,,,,TRUE,TRUE,0,0,0,0,org.selkie.zea.hullmods.IFFOverrideHullmod,,,,,