id,type,text1,text2,text3,text4,notes
,,,,,,
nskr_prosperity,SHIP,"Линкор класса Prosperity - публичное лицо военно-морской доктрины Kesteven: высокоскоростное и крупнокалиберное сдерживание, отполированное до корпоративного блеска. Проект отстал от графика на десятилетия и финансировался через слои творческой бухгалтерии, но все же выдает подавляющую фронтальную огневую мощь и быстрое захватывание целей, позволяя прорывать боевые линии и с пугающей эффективностью рассеивать более тяжелое сопротивление.

Изначально задуманный до Коллапса как санкционированная Доменом замена Onslaught, проект Prosperity томился в производственном аду, пока руководство Kesteven не возродило его с минимальными изменениями и огромным бюджетом.",,,,
,,,,,,
nskr_nighthawk,SHIP,"Nighthawk выполняет в флотах Kesteven простую роль линейного корабля, сочетая приличную живучесть с сосредоточенной огневой мощью. Он дорог в эксплуатации, нелюбим ремонтными командами и имеет дурную славу сложного в управлении корабля - но фабрики Asteria продолжают выпускать их несмотря ни на что.

Этот крейсер - продукт недолговечной оборонной линейки ""Construction"", амбициозной довоенной попытки создать высокопроизводительный боевой корабль. Сложные системы и высокая стоимость содержания погубили его на гражданском рынке. Повторно введенный в строй почти без изменений, кроме брендинга, он получил вторую жизнь в корпоративных эскадрах.",,,,
,,,,,,
nskr_devilcatcher,SHIP,"Класс Devilcatcher - дорогой быстроходный крейсер Kesteven для агрессивной тактики: гладкий, дорогой и созданный ради скорости. Он несет необычную двигательную систему, позволяющую резкие рывки и маневренность значительно выше стандартной для крейсеров, что идеально подходит для ударов с отходом и быстрых фланговых атак.

Цена безжалостна: привод требует строгого соблюдения регламентов обслуживания, поскольку даже небольшое смещение может вызвать катастрофический P-space каскад при активации. Неудивительно, что за пределами внутренних подразделений Kesteven конструкция так и не стала популярной.",,,,
,,,,,,
nskr_mercenary,SHIP,"Фрегат класса Mercenary, рассчитанный на состоятельных независимых операторов, - отполированное предложение из оборонного каталога Kesteven, созданное демонстрировать компетентность не меньше, чем огневую мощь. Толстая броня, широкие сектора турелей и встроенное поле подавления снарядов делают его пригодным для ближнего эскорта в нестабильных условиях.

Стиль и качество сборки нацелены на богатого владельца - того, кому нужно выглядеть профессионально и при этом остаться в живых. Под глянцем брошюры, однако, скрыт обычный компромисс Kesteven: производительность стоит дорого, а ремонт должен выполняться строго по спецификации.",,,,
,,,,,,
nskr_blackbird,SHIP,"Blackbird служит точным убийцей, созданным для быстрого перехвата и уничтожения ценных целей. Быстрый, с легкой броней и тяжелым вооружением, он превосходен в агрессивных маневрах, где почти нет запаса на ошибку - или выживание.

Изначально это был наполовину завершенный прототип, отложенный в последние годы перед Коллапсом. Во время хаоса его поспешно отправили в производство, и с тех пор оно не прекращалось. Kesteven быстро осознала ценность этой ударной платформы; конструкция постоянно служит доныне - более обтекаемая, но все еще явно рожденная кризисом.",,,,
,,,,,,
nskr_dragontail,SHIP,"По заявлениям собственного маркетинга Kesteven, Dragontail - самый быстрый серийный фрегат из когда-либо построенных. Он создан ради чистой скорости и нестандартной мобильности. Легкая рама и чрезмерно мощные двигатели дают бешеное ускорение, а экспериментальный привод ""отката"" позволяет внезапно менять временное положение прямо в бою.

Задуманный для ударов по медленным целям и разрыва построений, Dragontail процветает, когда он быстрее всего остального на поле боя, и поощряет рискованные атаки. Хрупкая технология плохо понята за пределами лабораторий Kesteven.",,,,
,,,,,,
nskr_kingstork,SHIP,"Первый корпус, выпущенный тогда еще новой оборонной ветвью Kesteven Construction, класс Kingstork остается одной из более удачных разработок компании. Прямолинейный, прочный и простой в обслуживании, он получил редкую степень признания как среди независимых капитанов, так и среди корпоративных экипажей.

Построенный вокруг сильного щита и крепкой геометрии корпуса, Kingstork хорошо показывает себя в эскорте и ближних схватках. Главный недостаток - невпечатляющая максимальная скорость, из-за которой ему трудно менять позицию или отступать при появлении больших угроз. И все же для корабля Kesteven он необычайно здраво спроектирован.",,,,
,,,,,,
nskr_kingslayer,SHIP,"Класс Kingslayer - грубый шедевр: скорость, огневая мощь и презрение. По слухам, это личный проект озлобленного инженера Kesteven, ушедшего в самоволку; корабль впервые появился на закате Коллапса, собранный из переделанных деталей на незарегистрированной верфи. Работа точна, но полностью неортодоксальна - судно создано убивать, а не соответствовать нормам.

Возможности Kingslayer далеко выходят за пределы обычных постколлапсных стандартов, а после него остаются только обломки. Он действует как быстрый штурмовой корабль, оптимизированный для шоковых столкновений и чистого разрушения. Большинство тех, кто утверждает, что видел его, не пережили бы повторной встречи.",,,,
,,,,,,
nskr_stalwart,SHIP,"Крейсер класса Stalwart - модернизированная платформа поддержки, построенная вокруг экспериментальных ракетных систем и предназначенная дополнять передовые части с дистанции. Разрабатывался параллельно с более массовым Champion как бюджетная альтернатива, чтобы выполнять логистически ориентированные роли без полной потери боевой ценности.

Обе конструкции страдали от задержек и технических проблем, сорвавших доменовское развертывание. После Коллапса найденные чертежи позволили возобновить ограниченное производство. Stalwart встречается нечасто, но при правильном включении в боевой порядок доказал свою надежность.",,,,
,,,,,,
nskr_verity,SHIP,"Класс Verity представляет вершину позднедоменовского военного кораблестроения, демонстрируя продвинутые электронные комплексы и интеграцию передового энергетического вооружения. Выпущенный на рынок всего за несколько циклов до Коллапса, он остается одним из наиболее технически совершенных серийных корпусов.

Сложный в пилотировании и обслуживании, Verity меняет прочность на точность. Высокая мобильность и гибкие сектора вооружения позволяют быстро наносить ответные удары на разных дистанциях; в руках умелого пилота он стабильно давит на всю линию. В менее компетентных руках он быстро выгорает.",,,,
,,,,,,
nskr_rhea,SHIP,"Класс Rhea - исключение среди пиратских кораблей: быстрый, агрессивный и спроектированный с уровнем технической компетентности, не вяжущимся с его происхождением. Вооруженный подавляющей огневой мощью и рассчитанный на стремительные столкновения, он превращает самоуверенность противника в обломки за считанные секунды.

Хрупкая рама и ограниченная выносливость делают его плохим выбором для осторожных, но под правильным командиром он процветает в хаосе. К счастью для большинства, Rhea остается редкостью: его конструкция требует куда больше навыков и инфраструктуры, чем может дать средняя подпольная верфь.",,,,
,,,,,,
nskr_borealis,SHIP,"Класс Borealis сочетает высококлассное научное оборудование с военными возможностями и оптимизирован для операций в глубоком космосе в спорных регионах. Оснащенный флотскими сенсорными комплексами, встроенной командной электроникой и несколькими ангарами, он дает любой боевой группе разведывательный охват и умножение силы.

Несмотря на эффективность как судна поддержки, Borealis остается редкостью. Стоимость постройки сопоставима с фронтовыми боевыми кораблями, а гражданская классификация часто заставляет выбирать более боевые альтернативы. Немногие находящиеся в эксплуатации экземпляры ценятся чрезвычайно высоко.",,,,
,,,,,,
nskr_reverie,SHIP,"Один из самых маневренных крейсеров известного космоса, Reverie создан для уклонения и точных ударов. Его маневренность затрудняет перехват без подавляющей силы, а модульная оружейная сетка поддерживает разнообразные ударно-отходные конфигурации для быстрых циклов боя.

Фирменное вооружение - ранняя версия ныне внушающей страх системы минного удара - выпускает сосредоточенные ракетные залпы, способные жестоко наказать невнимательные цели. Хотя оно менее разрушительно, чем наследники, оно остается эффективным, особенно если удар приходит с направления, которого враг не ожидал.",,,,
,,,,,,
nskr_malediction,SHIP,"Malediction - первоклассный быстроходный атакующий фрегат, соперничающий со знаменитым Tempest по скорости и летальности. Созданный для агрессивного маневрирования и господства на ближней дистанции, он превосходно охотится на другие фрегаты и безнаказанно тревожит более медленные цели.

Оснащенный встроенными дронами Pursuer - передовой оружейной платформой Tri-Tachyon, - Malediction привносит в любую стычку автономную огневую поддержку высокого уровня. Немногие корабли его класса могут сравниться с его точностью и давлением, хотя, как и большинство экспериментальных проектов, он требует соответствующих затрат на обслуживание.",,,,
,,,,,,
nskr_pursuer,SHIP,"Pursuer - экспериментальный оружейный дрон с ИИ-архитектурой дельта-ядра, созданный для использования разрывов в обороне противника. Быстрый и трудный для наведения, он специализируется на преследовании отвлеченных кораблей и отвлечении огня от носителя.

Нестабильное ЭМ-ядро наносит неожиданный удар: при детонации оно высвобождает концентрированный энергетический импульс, способный повреждать системы куда сильнее, чем предполагает малая рама. В паре с Malediction Pursuer служит и приманкой, и кинжалом - миниатюрной точечной угрозой.",,,,
,,,,,,
nskr_rorqual,SHIP,"Класс Rorqual был вершиной кораблестроения Rogue Co. - тяжелый крейсер индивидуальной разработки с форсированными двигательными системами и фирменным разрядником потоковых аномалий компании. При немногих уязвимостях и высоких характеристиках во всем он заработал репутацию почти идеальной боевой платформы среди тех немногих, кто мог его оплатить.

Каждый корпус вручную строили инженеры, контрабандисты и бывшие военные Rogue Company, подгоняя его под максимальную эффективность, а не массовое производство. Группа не пережила Коллапс, и их технологии ушли вместе с ней. Остались лишь редкие корпуса.",,,,
,,,,,,
nskr_reverie_boss,SHIP,"Этот сильно модифицированный крейсер класса Reverie служит личным флагманом сбежавшего ИИ-ядра, которое, по большинству свидетельств, просто хотело короткий отпуск от задания на черном объекте. Выбор оказался неудачным - и прямо из него родилась легенда.

Системы корабля откалиброваны далеко за пределами безопасных режимов. Уникальное энергетическое ядро ""Void"" потребляет энергию на уровнях, заметно искажающих локальное пространство, деформируя показания сенсоров и перегружая близлежащие системы.

В результате получается корабль с невозможной маневренностью и подавляющей проекцией силы, далеко за пределами стандартных человеческих проектов.",Неопознанное судно,"НЕИЗВЕСТНАЯ ЗАПИСЬ

Пожалуйста, зарегистрируйте свой датапад Tri-Tachyon, чтобы получать последние новости и обновления.",,
,,,,,,
nskr_harbinger_boss,SHIP,"Этот глубоко модифицированный фрегат класса Harbinger получил новое энергетическое ядро и переделанный энтропийный усилитель, что делает его значительно смертоноснее стандартного аналога. Боевые результаты указывают на уровень настройки далеко за пределами разрешенных спецификаций.

Байки космоплавателей рассказывают о дерзком налете на объекты Culann в последние дни Второй войны ИИ - работе, выполненной крайне недоплаченным подрядчиком с украденным зарядом экспериментальной пробивной техники. Ожидая хранилище, она пробила дыру в заброшенный ангар и нашла забытый, едва пригодный к полету прототип Harbinger.",Неопознанное судно,"НЕИЗВЕСТНАЯ ЗАПИСЬ

Пожалуйста, зарегистрируйте свой датапад Tri-Tachyon, чтобы получать последние новости и обновления.",,
,,,,,,
nskr_afflictor_boss,SHIP,"Этот доработанный фрегат класса Afflictor получил улучшения почти всех систем, повысив скорость, фазовую выносливость и ударный потенциал. Скользкий и агрессивный, он остается постоянной угрозой в любой стычке - и серьезной проблемой, если оставить его без внимания.

Космоплаватели рассказывают о разочарованном руководителе Tri-Tachyon, проигравшем ставку на уникальный, сильно модифицированный и лишь слегка обугленный корпус Harbinger - редкий коллекционный экземпляр. В ярости он заказал этот корабль, но через три месяца после поставки его украли из личного ангара. Позже корабль снова всплыл на аукционе.",Неопознанное судно,"НЕИЗВЕСТНАЯ ЗАПИСЬ

Пожалуйста, зарегистрируйте свой датапад Tri-Tachyon, чтобы получать последние новости и обновления.",,
,,,,,,
nskr_minokawa,SHIP,"«Здесь нет места колебаниям. Мы выделим ресурсы и персонал по мере необходимости - полный допуск, все отделы. С этого момента проект имеет приоритет над всеми остальными.»
- доктор Вон, руководитель проекта",Неопознанное судно,"НЕИЗВЕСТНАЯ ЗАПИСЬ

Пожалуйста, зарегистрируйте свой датапад Tri-Tachyon, чтобы получать последние новости и обновления.",,
,,,,,,
nskr_sovereign,SHIP,"«Наша работа с темпоральными полями должна продолжаться без перерывов. Инциденты с вмешательством в причинность больше не являются теорией - они становятся оперативной угрозой.»
- доктор Вон, руководитель проекта",Неопознанное судно,"НЕИЗВЕСТНАЯ ЗАПИСЬ

Пожалуйста, зарегистрируйте свой датапад Tri-Tachyon, чтобы получать последние новости и обновления.",,
,,,,,,
nskr_nemesis,SHIP,"«Да, развертывание ИИ высшего порядка спорно. Но с функциональной точки зрения оно незаменимо. Теперь нашей главной задачей должно быть сдерживание. Эти данные не должны покинуть объект.»
- доктор Виртанен, глава информационной безопасности",Неопознанное судно,"НЕИЗВЕСТНАЯ ЗАПИСЬ

Пожалуйста, зарегистрируйте свой датапад Tri-Tachyon, чтобы получать последние новости и обновления.",,
,,,,,,
nskr_muninn,SHIP,"«Сообщалось о таких симптомах, как тошнота, размытое зрение, паранойя и легкие галлюцинации. Это ожидаемые побочные эффекты, пока их следует игнорировать. Мы устраним их в последующих итерациях.»
- старший инженер Тактре, журнал проекта #2365",Неопознанное судно,"НЕИЗВЕСТНАЯ ЗАПИСЬ

Пожалуйста, зарегистрируйте свой датапад Tri-Tachyon, чтобы получать последние новости и обновления.",,
,,,,,,
nskr_warfare,SHIP,"«Вычисления с поддержкой ИИ значительно ускорили наш график разработки. При таких темпах можно ожидать, что платформа будет поставлена точно в срок.»
- доктор Аслов, материаловедение, отдел 24",Неопознанное судно,"НЕИЗВЕСТНАЯ ЗАПИСЬ

Пожалуйста, зарегистрируйте свой датапад Tri-Tachyon, чтобы получать последние новости и обновления.",,
,,,,,,
nskr_epochx,SHIP,"«В конце концов все происходит так, как должно. Некоторым исходам просто требуется больше времени, чтобы раскрыться.»
- доктор Вон, руководитель проекта",Неопознанное судно,"НЕИЗВЕСТНАЯ ЗАПИСЬ

Пожалуйста, зарегистрируйте свой датапад Tri-Tachyon, чтобы получать последние новости и обновления.",,
,,,,,,
nskr_epoch,SHIP,"«Теперь, когда мы завершили переход на второй уровень допуска, можно начинать интеграцию матрицы темпорального перепозиционирования с поддержкой гамма-ядра. Благодаря дополнительным вычислительным ресурсам мы должны предотвратить P-space каскадные отказы, преследовавшие ранние испытания.»
- доктор Таллаха, прикладная инженерия, крыло 97",Неопознанное судно,"НЕИЗВЕСТНАЯ ЗАПИСЬ

Пожалуйста, зарегистрируйте свой датапад Tri-Tachyon, чтобы получать последние новости и обновления.",,
,,,,,,
nskr_widow,SHIP,"«Порой я размышляю о тяжести создания такого оружия. Но в конце концов напоминаю себе: ответственность лежит на том, кто решает нажать на спуск.»
- доктор Катаме, запись в журнале #5811",Неопознанное судно,"НЕИЗВЕСТНАЯ ЗАПИСЬ

Пожалуйста, зарегистрируйте свой датапад Tri-Tachyon, чтобы получать последние новости и обновления.",,
,,,,,,
nskr_torpor,SHIP,"«Быстро или медленно - все относительно. С точки зрения фотона мы почти не движемся.»
- доктор Аллегре, темпоральная физика, крыло 17",Неопознанное судно,"НЕИЗВЕСТНАЯ ЗАПИСЬ

Пожалуйста, зарегистрируйте свой датапад Tri-Tachyon, чтобы получать последние новости и обновления.",,
,,,,,,
nskr_eternity,SHIP,"«Вечность - длинный перегон, длиннее, чем большинство понимает.»
- летчик-испытатель «Умбра», журнал проекта #6663",Неопознанное судно,"НЕИЗВЕСТНАЯ ЗАПИСЬ

Пожалуйста, зарегистрируйте свой датапад Tri-Tachyon, чтобы получать последние новости и обновления.",,
,,,,,,
nskr_huginn,SHIP,"Специализированная тяжелая штурмовая дрон-платформа, созданная для развертывания на передовой. Оснащенная уникальным высокомощным бластером, она обеспечивает сосредоточенную огневую мощь значительно выше стандартного дронового вооружения.",Неопознанное судно,"НЕИЗВЕСТНАЯ ЗАПИСЬ

Пожалуйста, зарегистрируйте свой датапад Tri-Tachyon, чтобы получать последние новости и обновления.",,
,,,,,,
nskr_minokawa_e,SHIP,"[ОШИБКА БАЗЫ ДАННЫХ:451]OOOOOOoooooooooooooooo E ee 					
[Если проблема сохраняется, обратитесь в ближайший сервисный центр TriPad™ для диагностики и ремонта.]

Хотя автономные боевые машины были прямо запрещены в центральном пространстве Домена, продвинутые ИИ-системы тайно разрабатывались за пределами включенного объема. Упорные слухи говорят о дрейфующих в неизведанной пустоте заброшенных прототипах, захваченных сбежавшими разумами. Ни одна из этих историй не заканчивается хорошо - а большинство заканчивается только статикой.",,,,
,,,,,,
nskr_sovereign_e,SHIP,"[ОШИБКА БАЗЫ ДАННЫХ:451]OOOOOOoooooooooooooooo E ee 					
[Если проблема сохраняется, обратитесь в ближайший сервисный центр TriPad™ для диагностики и ремонта.]

Хотя автономные боевые машины были прямо запрещены в центральном пространстве Домена, продвинутые ИИ-системы тайно разрабатывались за пределами включенного объема. Упорные слухи говорят о дрейфующих в неизведанной пустоте заброшенных прототипах, захваченных сбежавшими разумами. Ни одна из этих историй не заканчивается хорошо - а большинство заканчивается только статикой.",,,,
,,,,,,
nskr_nemesis_e,SHIP,"[ОШИБКА БАЗЫ ДАННЫХ:451]OOOOOOoooooooooooooooo E ee 					
[Если проблема сохраняется, обратитесь в ближайший сервисный центр TriPad™ для диагностики и ремонта.]

Хотя автономные боевые машины были прямо запрещены в центральном пространстве Домена, продвинутые ИИ-системы тайно разрабатывались за пределами включенного объема. Упорные слухи говорят о дрейфующих в неизведанной пустоте заброшенных прототипах, захваченных сбежавшими разумами. Ни одна из этих историй не заканчивается хорошо - а большинство заканчивается только статикой.",,,,
,,,,,,
nskr_muninn_e,SHIP,"[ОШИБКА БАЗЫ ДАННЫХ:451]OOOOOOoooooooooooooooo E ee 					
[Если проблема сохраняется, обратитесь в ближайший сервисный центр TriPad™ для диагностики и ремонта.]

Хотя автономные боевые машины были прямо запрещены в центральном пространстве Домена, продвинутые ИИ-системы тайно разрабатывались за пределами включенного объема. Упорные слухи говорят о дрейфующих в неизведанной пустоте заброшенных прототипах, захваченных сбежавшими разумами. Ни одна из этих историй не заканчивается хорошо - а большинство заканчивается только статикой.",,,,
,,,,,,
nskr_warfare_e,SHIP,"[ОШИБКА БАЗЫ ДАННЫХ:451]OOOOOOoooooooooooooooo E ee 					
[Если проблема сохраняется, обратитесь в ближайший сервисный центр TriPad™ для диагностики и ремонта.]

Хотя автономные боевые машины были прямо запрещены в центральном пространстве Домена, продвинутые ИИ-системы тайно разрабатывались за пределами включенного объема. Упорные слухи говорят о дрейфующих в неизведанной пустоте заброшенных прототипах, захваченных сбежавшими разумами. Ни одна из этих историй не заканчивается хорошо - а большинство заканчивается только статикой.",,,,
,,,,,,
nskr_eternity_e,SHIP,"[ОШИБКА БАЗЫ ДАННЫХ:451]OOOOOOoooooooooooooooo E ee 					
[Если проблема сохраняется, обратитесь в ближайший сервисный центр TriPad™ для диагностики и ремонта.]

Хотя автономные боевые машины были прямо запрещены в центральном пространстве Домена, продвинутые ИИ-системы тайно разрабатывались за пределами включенного объема. Упорные слухи говорят о дрейфующих в неизведанной пустоте заброшенных прототипах, захваченных сбежавшими разумами. Ни одна из этих историй не заканчивается хорошо - а большинство заканчивается только статикой.",Неопознанное судно,"НЕИЗВЕСТНАЯ ЗАПИСЬ

Пожалуйста, зарегистрируйте свой датапад Tri-Tachyon, чтобы получать последние новости и обновления.",,
,,,,,,
nskr_epochx_e,SHIP,"[ОШИБКА БАЗЫ ДАННЫХ:451]OOOOOOoooooooooooooooo E ee 					
[Если проблема сохраняется, обратитесь в ближайший сервисный центр TriPad™ для диагностики и ремонта.]

Хотя автономные боевые машины были прямо запрещены в центральном пространстве Домена, продвинутые ИИ-системы тайно разрабатывались за пределами включенного объема. Упорные слухи говорят о дрейфующих в неизведанной пустоте заброшенных прототипах, захваченных сбежавшими разумами. Ни одна из этих историй не заканчивается хорошо - а большинство заканчивается только статикой.",,,,
,,,,,,
nskr_epoch_e,SHIP,"[ОШИБКА БАЗЫ ДАННЫХ:451]OOOOOOoooooooooooooooo E ee 					
[Если проблема сохраняется, обратитесь в ближайший сервисный центр TriPad™ для диагностики и ремонта.]

Хотя автономные боевые машины были прямо запрещены в центральном пространстве Домена, продвинутые ИИ-системы тайно разрабатывались за пределами включенного объема. Упорные слухи говорят о дрейфующих в неизведанной пустоте заброшенных прототипах, захваченных сбежавшими разумами. Ни одна из этих историй не заканчивается хорошо - а большинство заканчивается только статикой.",,,,
,,,,,,
nskr_widow_e,SHIP,"[ОШИБКА БАЗЫ ДАННЫХ:451]OOOOOOoooooooooooooooo E ee 					
[Если проблема сохраняется, обратитесь в ближайший сервисный центр TriPad™ для диагностики и ремонта.]

Хотя автономные боевые машины были прямо запрещены в центральном пространстве Домена, продвинутые ИИ-системы тайно разрабатывались за пределами включенного объема. Упорные слухи говорят о дрейфующих в неизведанной пустоте заброшенных прототипах, захваченных сбежавшими разумами. Ни одна из этих историй не заканчивается хорошо - а большинство заканчивается только статикой.",,,,
,,,,,,
nskr_torpor_e,SHIP,"[ОШИБКА БАЗЫ ДАННЫХ:451]OOOOOOoooooooooooooooo E ee 					
[Если проблема сохраняется, обратитесь в ближайший сервисный центр TriPad™ для диагностики и ремонта.]

Хотя автономные боевые машины были прямо запрещены в центральном пространстве Домена, продвинутые ИИ-системы тайно разрабатывались за пределами включенного объема. Упорные слухи говорят о дрейфующих в неизведанной пустоте заброшенных прототипах, захваченных сбежавшими разумами. Ни одна из этих историй не заканчивается хорошо - а большинство заканчивается только статикой.",,,,
,,,,,,
nskr_huginn_e,SHIP,"[ОШИБКА БАЗЫ ДАННЫХ:451]OOOOOOoooooooooooooooo E ee 					
[Если проблема сохраняется, обратитесь в ближайший сервисный центр TriPad™ для диагностики и ремонта.]

Хотя автономные боевые машины были прямо запрещены в центральном пространстве Домена, продвинутые ИИ-системы тайно разрабатывались за пределами включенного объема. Упорные слухи говорят о дрейфующих в неизведанной пустоте заброшенных прототипах, захваченных сбежавшими разумами. Ни одна из этих историй не заканчивается хорошо - а большинство заканчивается только статикой.",,,,
,,,,,,
nskr_aed,SHIP,"[ОШИБКА БАЗЫ ДАННЫХ:451]OOOOOOoooooooooooooooo E ee 					
[Если проблема сохраняется, обратитесь в ближайший сервисный центр TriPad™ для диагностики и ремонта.]

Хотя автономные боевые машины были прямо запрещены в центральном пространстве Домена, продвинутые ИИ-системы тайно разрабатывались за пределами включенного объема. Упорные слухи говорят о дрейфующих в неизведанной пустоте заброшенных прототипах, захваченных сбежавшими разумами. Ни одна из этих историй не заканчивается хорошо - а большинство заканчивается только статикой.",,,,
,,,,,,
nskr_sunburst,SHIP,"[ОШИБКА БАЗЫ ДАННЫХ:451]OOOOOOoooooooooooooooo E ee 					
[Если проблема сохраняется, обратитесь в ближайший сервисный центр TriPad™ для диагностики и ремонта.]

Реликт автономных боевых флотов, когда-то разработанных Tri-Tachyon. Эти конструкции были объявлены вне закона Доменом, а позднее Гегемонией, стали анафемой для Церкви Галактического Искупления и подлежали уничтожению во время Первой войны ИИ. Согласно официальным данным, все они были уничтожены. Официальные данные редко рассказывают всю историю.",Неопознанное судно,"НЕИЗВЕСТНАЯ ЗАПИСЬ

Пожалуйста, зарегистрируйте свой датапад Tri-Tachyon, чтобы получать последние новости и обновления.",,
,,,,,,
nskr_pbcc,WEAPON,"«Ты когда-нибудь думал... что будет, если поле сдерживания откажет?»
«Они рассчитали, что это невозможно.»
«А если они ошиблись?»
«Тогда это уже не будет нашей проблемой.»", - младший инженер Браамс и старший инженер Николсон - расшифровка записи #783,,,
,,,,,,
nskr_mfrocketpod,WEAPON,«Пробный выстрел выбил все автоматы на корабле. Рекомендуется дальнейшая доработка.»,- летчик-испытатель «V» - журнал проекта #0651,,,
,,,,,,
nskr_spikem,WEAPON,"«Прямое попадание в носовые переборки. Осколки дошли до самой кормы - закончилось тем, что какого-то бедолагу прибило к потолку двигательного отсека.»", - отчет о повреждениях восстановленного ISS Old Forgoyle,,,
,,,,,,
nskr_spikes,WEAPON,"«Я не санкционирую дальнейшие задержки. Больше никаких продлений. На этом этапе остается только надеяться, что оно вообще сработает - ради всех нас.»", - руководитель отдела Лионис - журнал проекта #4494,,,
,,,,,,
nskr_tremorm,WEAPON,"«Ненавижу это место. Какой-то гений сломал кофеварку в комнате отдыха, так что теперь мне нужно подать заявку. Это займет неделю. Потом они подадут свою заявку, еще неделю, а после этого назначат техника для установки нового блока... через две-четыре недели. Это неприемлемые условия труда.»"," - анонимная жалоба, подана Томасом Дорселем, сотрудник #24661",,,
,,,,,,
nskr_tremors,WEAPON,"«Наведение роя с поддержкой дельта-ядра на практике может считаться ИИ более высокого уровня, даже если формально так не классифицируется. Запрашиваю официальную проверку Советом по этике ИИ.»", - техник надзора Гегемонии Грин - журнал проекта #1251,,,
,,,,,,
nskr_emgl,WEAPON,"«Некоторые считают, что в крыльях с низким допуском мы просто штампуем детали для тостеров. Зато нас хотя бы не биосканируют каждые пятьдесят шагов.»", - доктор Шеффилд - журнал #9022,,,
,,,,,,
nskr_scannonm,WEAPON,"«Глава инженерного отдела сообщил о катастрофическом отказе всей бортовой электроники. Казалось, будто нас ударила солнечная вспышка в момент попадания.»"," - послебоевой отчет о столкновении на окраинах, противник неизвестен.",,,
,,,,,,
nskr_arcgen,WEAPON,"«Статический разряд уничтожил проектор, цель и стену позади нее.»"," - инженер проекта Храг - электромагнетика, крыло #102",,,
,,,,,,
nskr_scatterm,WEAPON,"«Получать надежные показания события становится все труднее. Теперь, когда мы превысили температуру Хагедорна, поле сдерживания не может подавить спонтанные цепные реакции антиматерии, вызванные частицей. Переработка экспериментальной установки теперь главный приоритет проекта. Подозреваю, у этого явления больше потенциала, чем мы думали сначала.»", - руководитель отдела доктор Леал-Фрэнсис - журнал проекта #3401,,,
,,,,,,
nskr_plasmal,WEAPON,"«Да... [помехи]... я бы сказал, это чертовски большая пушка. Прием.»", - команда спасателей Golf - рядом с [УДАЛЕНО],,,
,,,,,,
nskr_hshotgun,WEAPON,"«Зачем им вообще орудие такого размера?»
«Доктор, вам правда стоит перестать спрашивать ""зачем"". Так безопаснее для вашего здоровья.»", - расшифровка журнала наблюдения #353,,,
,,,,,,
nskr_inverter,WEAPON,"«Рекурсивное поведение этих аномалий вызвало официальный интерес Совета по темпоральной динамике. Пока мы не получим окончательное решение о необходимости повышения допуска проекта, все работы приостановлены. Оценочный срок: от трех до шести рабочих месяцев.»"," - доктор Чен - физика высоких энергий, отдел #178",,,
,,,,,,
nskr_collector,WEAPON,"«Я никогда не видел ничего подобного. Идеальная сфера, вырезанная из цельного материала - несколько метров в поперечнике, точно в центре точки попадания, с миллиметровой точностью. Это уже никак не отполировать.»", - осмотр разрушенного K-CORP Nightrunner,,,
,,,,,,
nskr_huginn_arm_right,WEAPON,"Тяжелый бластер, встроенный в атакующий дрон типа Huginn. Garde способен показывать отличные результаты против большинства целей благодаря огромному радиусу взрыва и высокому урону.",,,,
,,,,,,
nskr_huginn_e_arm_right,WEAPON,"[ОШИБКА БАЗЫ ДАННЫХ:451]OOOOOOoooooooooooooooo E ee 					
[Если проблема сохраняется, обратитесь в ближайший сервисный центр TriPad™ для диагностики и ремонта.]",,,,
,,,,,,
nskr_huginn_arm_left,WEAPON,"Относительно стандартная легкая ракетная установка с простым автозарядником, обеспечивающим устойчивый выпуск ракет даже в затяжных боях.",,,,
,,,,,,
nskr_huginn_e_arm_left,WEAPON,"[ОШИБКА БАЗЫ ДАННЫХ:451]OOOOOOoooooooooooooooo E ee 					
[Если проблема сохраняется, обратитесь в ближайший сервисный центр TriPad™ для диагностики и ремонта.]",,,,
,,,,,,
nskr_vulcanFi,WEAPON,"Простая модификация почтенной пушки Vulcan, адаптированная для использования истребителями.",,,,
,,,,,,
nskr_bc_single,WEAPON,"Базовая неуправляемая торпеда с кумулятивной боевой частью, способная наносить огромный урон крупным кораблям.",,,,
,,,,,,
nskr_bc_tube,WEAPON,"Магазинная оружейная система, запускающая несколько торпед. Каждая несет кумулятивный заряд для высокого урона по крупным судам.",,,,
,,,,,,
nskr_paradox,SHIP_SYSTEM,"Делает корабль неуязвимым и повышает рассеивание потока, но отключает движение.",Защитная,,,
,,,,,,
nskr_temporal,SHIP_SYSTEM,"Фазово переносит корабль вперед по направлению носа, затем выпускает мощный энергетический взрыв.",Маневр,,,
,,,,,,
nskr_timewarp,SHIP_SYSTEM,"Замедляет время и повышает максимальную скорость, но отключает все оружие.",Маневр,,,
,,,,,,
nskr_boostdrive,SHIP_SYSTEM,"Заливает двигатели мощностью, резко повышая скорость, но не позволяя тормозить.",Маневр,,,
,,,,,,
nskr_masstargeting,SHIP_SYSTEM,"Передает союзникам точные данные по всем ближайшим вражеским целям, включая истребители. Повышает урон союзного оружия по истребителям и ракетам, а также дальность неракетного оружия.",Наступательная,"Передает союзникам в радиусе 1800 ед. точные данные по всем ближайшим вражеским целям, включая истребители. Урон союзного оружия по истребителям и ракетам +50%, дальность неракетного оружия +20%.",1800 | 50% | 20%,
,,,,,,
nskr_animebad,SHIP_SYSTEM,"Помечает цель, отключая ее двигатели и значительно повышая получаемый ею урон из всех источников.",Наступательная,,,
,,,,,,
nskr_bfpulse,SHIP_SYSTEM,"Выпускает огромный площадной импульс, уничтожая снаряды, ракеты и истребители, затем направляет поглощенную энергию в цепной разряд.",Особая,,,
,,,,,,
nskr_causality,SHIP_SYSTEM,"Отражает снаряды, поглощает энергию и постепенно усиливает характеристики корабля вместе с замедлением времени.",Особая,,,
,,,,,,
nskr_warp,SHIP_SYSTEM,Переносит корабль вперед по вектору скорости. Дальность растет со скоростью; лучше применять боком.,Маневр,,,
,,,,,,
nskr_emflak,SHIP_SYSTEM,"Разбрасывает продвинутые ЭМ-заряженные мины, уничтожающие входящие снаряды и ракеты.",Защитная,,,
,,,,,,
nskr_unchained,SHIP_SYSTEM,"Раскрывает полную мощь Kingslayer. Повышает скорострельность всего оружия и соответственно снижает стоимость потока. Улучшает скорость и маневренность, но отключает щиты. Переключаемая система.",Особая,"Раскрывает полную мощь Kingslayer. Скорострельность всего оружия +75%, стоимость потока снижена соответственно. Улучшает скорость и маневренность, но отключает щиты. Переключаемая система.",75%,
,,,,,,
nskr_stasisp,SHIP_SYSTEM,"Перезаряжает стазис-генератор и создает поток. Если заряд уже готов, стреляет без генерации потока.",Особая,,,
,,,,,,
nskr_stasis,WEAPON,"Запускает стазис-сферу, замедляющую все корабли в зоне взрыва. Менее эффективна против легких кораблей.",Особая,,,
,,,,,,
nskr_kaboom,SHIP_SYSTEM,"Взводит антиматериальный заряд корабля, вызывая огромный взрыв после задержки.",Наступательная,,,
,,,,,,
nskr_protocolsystem,SHIP_SYSTEM,"Позволяет переключаться между протоколами, усиливающими отдельные системы корабля.",Особая,,,
,,,,,,
nskr_missilesalvo,SHIP_SYSTEM,"Фазово выводит залп из 6 ракет, наносящих энергетический и ЭМИ-урон. Дальность ракет зависит от рейтинга ECCM.",Наступательная,"Фазово выводит залп из 6 ракет, каждая наносит 400 энергетического и 400 ЭМИ-урона. Базовая дальность 1000 ед., с ECCM - 1600 ед.",6 | 400 энергии | 400 ЭМИ,
,,,,,,
nskr_mercurial,SHIP_SYSTEM,На короткое время дает высокую скорость и маневренность. Имеет несколько зарядов.,Маневр,,,
,,,,,,
nskr_emBlast,SHIP_SYSTEM,"При тяжелом повреждении запускает самоуничтожение на 2,5 секунды, высвобождая большой дуговой ЭМИ-взрыв. Дрон замедляется и получает сопротивление урону во время зарядки.",Наступательная,,,
,,,,,,
nskr_energyprecision,SHIP_SYSTEM,Увеличивает дальность энергетического оружия и скорость снарядов.,Наступательная,Увеличивает дальность энергетического оружия на 300 ед. и скорость снарядов на 50%.,300 | 50%,
,,,,,,
nskr_rapidfire,SHIP_SYSTEM,Ненадолго резко повышает скорострельность баллистического оружия и снижает стоимость потока. Непродуманная природа системы может вызывать сбои. Имеет несколько зарядов.,Наступательная,,,
,,,,,,
nskr_pullback,SHIP_SYSTEM,Возвращает корабль к предыдущей позиции. Имеет несколько зарядов.,Маневр,,,
,,,,,,
nskr_powersurge,SHIP_SYSTEM,"Дает сильный рывок вперед, затем кратко повышает скорострельность оружия.",Маневр,,,
,,,,,,
nskr_fluxdump,SHIP_SYSTEM,"Дает короткий всплеск рассеивания потока и скорости движения, одновременно рассеивая жесткий поток. Заряды получает только за уничтожение врагов.",Наступательная,,,
,,,,,,
nskr_advance,SHIP_SYSTEM,"Дает нарастающие бонусы по мере нанесения урона: скорость и маневренность, затем скорострельность и эффективность потока, затем урон оружия и скорость снарядов. Каждый этап усиливает эффект.",Наступательная,,,
,,,,,,
nskr_bubble,SHIP_SYSTEM,На короткое время значительно улучшает работу щитов.,Защитная,,,
,,,,,,
nskr_distortionburn,SHIP_SYSTEM,"Временно повышает скорость и маневренность, но заставляет корабль ускоряться. Интерференционные аномалии повреждают все цели позади корабля, включая союзников. Имеет несколько зарядов.",Маневр,,,
,,,,,,
nskr_projfield,SHIP_SYSTEM,"Проецирует защитное поле, замедляющее ракеты и истребители и отталкивающее снаряды. Особенно эффективно против мощных угроз.",Защитная,,,
,,,,,,
nskr_omniload,SHIP_SYSTEM,"Мгновенно перезаряжает неракетное оружие. Если оружие использует боезапас, восстанавливает 25% максимального боезапаса. Имеет несколько зарядов.",Наступательная,,,
,,,,,,
nskr_bigflak,SHIP_SYSTEM,Выпускает один тяжелый заряд с неконтактным взрывателем. Требует времени на взведение.,Наступательная,,,
,,,,,,
nskr_harmonics,SHIP_SYSTEM,Ускоряет течение времени выбранного союзного корабля на время действия. Эффект постепенно ослабевает. Этот корабль также наследует характеристики движения цели с тем же затуханием.,Поддержка,"Ускоряет течение времени выбранного союзного корабля в пределах 1500 ед. в 3 раза, эффект затухает за 10 секунд. Этот корабль наследует характеристики движения цели с тем же затуханием.",1500su | 3x,
,,,,,,
nskr_electronics,RESOURCE,"Ценные компоненты, извлеченные из реликтов на окраинах сектора. Большинство уже не работает, но коллекционеры и специалисты хорошо заплатят, если знать, где искать.",,,,
,,,,,,
nskr_station_heart,CUSTOM,"Огромная оболочка из спасенных плит, остовов станций и корабельных обломков окружает явно древнее ядро. Улейная масса гудит от активности, а на сенсоры сразу обрушиваются перекрывающиеся сигналы бедствия.",,,,
,,,,,,
nskr_station_heart_d,CUSTOM,"Разбитая оболочка того, что когда-то кипело сигналами и теплом. Обломки корпусов медленно дрейфуют, оставляя слабую радиационную дымку. Разум в центре молчит вместе с тысячами голосов.",,,,
,,,,,,
kesteven,FACTION,Доколлапсовая мегакорпорация с фабричного мира Астерия. Kesteven Construction специализируется на сборной инфраструктуре и производстве боевых кораблей. После исчезновения надзора Домена компания фактически получила полный контроль над планетой и превратила ее промышленность в основу собственной силы.,,,,
,,,,,,
nskr_asteria,CUSTOM,"Холодный, богатый металлами мир у потухшего белого карлика. Планета-бункер хранит основные производственные комплексы Кестевена доменной эпохи, многие из которых до сих пор работают. Формально ей управляет Демократическая Республика Астерия, но корпоративное влияние ощущается в каждом уровне власти.",,,,
,,,,,,
nskr_asteria_station,CUSTOM,"Тяжело укрепленная орбитальная станция, одновременно таможенный узел и военный форпост. Через причалы постоянно идет плотный поток грузовиков, патрулей и корпоративной логистики под наблюдением службы безопасности Кестевена.",,,,
,,,,,,
nskr_outpost,CUSTOM,"Недавно созданная установка Кестевена, постепенно расширяющаяся для поддержки дальнекосмических инициатив корпорации. Служит перевалочной базой экспедиций на окраины сектора.",,,,
,,,,,,
nskr_enigmabase,CUSTOM,"Заброшенная исследовательская платформа, вероятно построенная для изучения местных аномалий или изоляции экспериментов, которым лучше оставаться вдали от цивилизации. Большая часть структуры давно спит, но отдельные системы еще подают признаки жизни.",,,,
,,,,,,
nskr_blacksite,CUSTOM,"Крупная импровизированная станция из грузовых модулей и prefab-блоков. Формально это складской узел, но удаленность и слабый надзор намекают на менее законную логистику.",,,,
,,,,,,
nskr_blacksite_cleared,CUSTOM,"Крупная импровизированная станция из грузовых модулей и prefab-блоков. Формально это складской узел, но удаленность и слабый надзор намекают на менее законную логистику. После разгрома защитников объект выглядит заброшенным и уязвимым.",,,,
,,,,,,
nskr_ice_desert,PLANET,"Холодный пыльный мир, где пятна водяного льда держатся как снег, вероятно благодаря астероидным заносам или остаткам давно исчезнувших морей. Мороз также удерживает замерзший углекислый газ, смешанный с ледяной корой.",,,,
,,,,,,
nskr_artifact,CUSTOM,"Древний спутник связи, фрагмент давно мертвой ретрансляционной сети. Он молча дрейфует, передавая слабый прерывистый сигнал, едва заметный на сенсорах.",,,,
,,,,,,
nskr_core,CUSTOM,"Небольшой кластер компьютерных ядер, остатки недавно уничтоженного флота. Следы питания еще едва заметны.",,,,
,,,,,,
,,,,,,
