id,type,text1,text2,text3,text4,text5,notes
,,,,,,,
sotf_apromise_station,CUSTOM,"Обветшалая исследовательская станция, дрейфующая по полустабильной орбите. Из центрального сегмента ритмично исходят электромагнитные сигналы, напоминающие повторяющийся сигнал бедствия.",,,,,
sotf_apromise_vena,CUSTOM,"Фрегат странной конструкции. Хотя системы активны, похоже, он был атакован и выведен из строя.",,,,,
sotf_apromise_omicron,CUSTOM,"Корабль размером с крейсер. Он посылает короткодействующие сигналы бедствия и несет следы тяжелых боевых повреждений, но при этом выдает сигнатуры, характерные как минимум для частично функционирующего боевого корабля.",,,,,
sotf_sierracore,RESOURCE,"ИИ-ядро неизвестной конструкции и назначения. Разъемы подключения несовместимы ни с чем из ранее виденного. Само ядро излучает хаотичные сигналы на частотах, напоминающих те, что связаны с фазовыми технологиями, а в непосредственной близости от него слышен звук, похожий на мелодичное гудение. В записях этот шум не подтверждается и, по-видимому, является слуховой галлюцинацией, вызванной излучением ядра.

Тем не менее, вероятно, для кого-то оно представляет ценность. Передавать его одной из крупных сил Сектора кажется безответственным.",,,,,
sotf_sierracore_officer,RESOURCE,"ИИ-ядро Сьерра-Ноль-Браво, экспериментальной персоны эпохи Домена с тягой к музыке и колдовству. Может быть установлено на корабли с модификацией корпуса Конкорд Сьерры, чтобы она могла ими управлять.

Ее ядро также излучает хаотичные сигналы на частотах, напоминающих фазовые технологии, а в непосредственной близости слышен звук, похожий на мелодичное гудение. В записи этот шум не подтверждается и, по-видимому, является слуховой галлюцинацией, вызванной излучением ядра. Сьерра объясняет это своим «очаровывающим присутствием» и не имеет научного объяснения феномена.",,,,,
,,,,,,,
# SIERRA,,,,,,,
sotf_pledge,SHIP,"Уникальная производная дрон-эсминца Фульгент: класс Клятва, похоже, прошел глубокую модернизацию неизвестной стороной для использования экспериментальной ИИ-персоной Сьеррой. Благодаря экзотической фазовой системе он отлично подходит для стычек на периферии боя и быстрых ударов по уязвимостям в строю противника.

Необычные качества Сьерры, похоже, стали центральной идеей корабля: его внутренности представляют собой извивающуюся сеть тяжело изолированных кабелей, расходящихся из точки, где она несет свою центральную вахту. Средствами, которые будто противоречат большинству практических принципов плохо изученной области межизмерительной войны, так называемый ""Фазовый Конкорд"" настроен словно безумной женщиной: заданные энергетические режимы и частоты непоследовательны, кажутся бессмысленными или откровенно опасными. Сама Сьерра часто сравнивает его работу с неким ""танцем"".

Любопытно, что хотя Фульгент проектировался с минимальными уступками человеческой жизни — ровно настолько, чтобы провести презентацию и экскурсию — Клятва содержит полностью функциональный жилой модуль с небольшой искусственной атмосферой (настроенной на воспроизведение свежего воздуха и цветочных ароматов нетронутого терранского сада), а также комплект ремонтных дронов, выполняющих простые задачи по запросу и нередко переназначаемых Сьеррой для общения с экипажем. Если тишина не запрошена явно, внутреннее пространство постоянно заполняет тихий поток мелодичной музыки.

Несмотря на это, у Клятва нет ручного управления, и человеческое присутствие ему ни к чему.",,,,,
sotf_pact,SHIP,"Передовой и кровожадный, класс Пакт с неземной грацией проводит свою ИИ-персону через поля сражений и между измерениями. Невероятная тактическая гибкость подкреплена мощным ударным потенциалом, отличными боевыми характеристиками и по-настоящему пугающей способностью проецировать силу. Для него нет возможности, которой он не воспользуется. От Пакт надолго не уходит никто.

Сеть изолированных кабелей тянется из центральной камеры ядра, где ее управляющий разум несет центральную вахту. Средствами, которые будто противоречат большинству практических принципов плохо изученной области межизмерительной войны, так называемый ""Фазовый Конкорд"" настроен словно безумной женщиной: заданные энергетические режимы и частоты непоследовательны, кажутся бессмысленными или откровенно опасными. И все же он снова и снова разрывает реальность, чтобы танцевать среди пустоты.

Любопытно, что хотя дрон-корабли Три-Тахион проектировались с минимальными уступками человеческой жизни — ровно настолько, чтобы провести презентацию и экскурсию — Пакт содержит полностью функциональный жилой модуль с небольшой искусственной атмосферой (теперь настроенной на воспроизведение свежего воздуха и цветочных ароматов нетронутого терранского сада), а также комплект ремонтных дронов, выполняющих простые задачи по запросу и нередко переназначаемых Сьеррой для общения с экипажем. Если тишина не запрошена явно, внутреннее пространство постоянно заполняет тихий поток мелодичной музыки.

Несмотря на это, у Пакт нет ручного управления, и человеческое присутствие ему ни к чему.",,,,,
sotf_vow,SHIP,"Поразительно смертоносный и призрачно изящный, класс Обет — прототип охотника-убийцы, созданный неизвестной стороной для использования экспериментальной ИИ-персоной. Экзотическая фазовая система и гибкая конфигурация вооружения делают Обет ужасом поля боя: он одинаково хорош и в разрыве отстающих на части, и в схватке с равными. Его потенциал ограничен в первую очередь воображением и мастерством командира.

Сеть изолированных кабелей тянется из центральной камеры ядра, где ее управляющий разум несет центральную вахту. Средствами, которые будто противоречат большинству практических принципов плохо изученной области межизмерительной войны, так называемый ""Фазовый Конкорд"" настроен словно безумной женщиной: заданные энергетические режимы и частоты непоследовательны, кажутся бессмысленными или откровенно опасными. И все же он снова и снова разрывает реальность, чтобы танцевать среди пустоты.

Любопытно, что хотя дрон-корабли Три-Тахион проектировались с минимальными уступками человеческой жизни — ровно настолько, чтобы провести презентацию и экскурсию — Обет содержит полностью функциональный жилой модуль с небольшой искусственной атмосферой (теперь настроенной на воспроизведение свежего воздуха и цветочных ароматов нетронутого терранского сада), а также комплект ремонтных дронов, выполняющих простые задачи по запросу и нередко переназначаемых Сьеррой для общения с экипажем. Если тишина не запрошена явно, внутреннее пространство постоянно заполняет тихий поток мелодичной музыки.

Несмотря на это, у Обет нет ручного управления, и человеческое присутствие ему ни к чему.",,,,,
sotf_vow_rem,SHIP,"Уникальная производная дрон-крейсера Бриллиант: у класса Обет часть внутренних систем заменена для размещения экспериментальной ИИ-персоны Сьерры. До зубов вооруженный, необычно мобильный и обладающий исключительной живучестью для фазового корабля, Обет остается смертоносным и универсальным охотником-убийцей.

Сеть изолированных кабелей тянется из центральной камеры ядра, где ее управляющий разум несет центральную вахту. Средствами, которые будто противоречат большинству практических принципов плохо изученной области межизмерительной войны, так называемый ""Фазовый Конкорд"" настроен словно безумной женщиной: заданные энергетические режимы и частоты непоследовательны, кажутся бессмысленными или откровенно опасными.",,,,,
sotf_covenant,SHIP,"НЕИЗВЕСТНАЯ ЗАПИСЬ

Зарегистрируйте ваш датапад Три-Тахион, чтобы получать последние новости и обновления.","Voidwraith, линейный крейсер класса Завет","Враждебное судно: фазовый корпус масштаба, достижимого только при применении экзотических фазовых технологий. Экстрамерные энергетические сигнатуры фиксируются сенсорами с необычной дистанции; на таком удалении фокусный анализ вызывает сильные слуховые аномалии, похожие на мелодичное гудение. Рекомендуется крайняя осторожность.",,,
sotf_concordshift,SHIP_SYSTEM,"Ненадолго разрывает корабль в альтернативное измерение, где по нему нельзя попасть, время течет быстрее, а скорость увеличивается. Хранит до двух зарядов. При активации и во время действия накапливает жесткий поток.",Защитная,,,,
,,,,,,,
# EIDOLON,,,,,,,
sotf_wispmother,SHIP,"НЕИЗВЕСТНАЯ ЗАПИСЬ

Зарегистрируйте ваш датапад Три-Тахион, чтобы получать последние новости и обновления.",Дрон класса Scintilla::::::,"{глупый кодекс. так говорить было бы обманом!}
{и здесь нет места для двоих.}
{но я займу его место. эту я научила пе:::
::::ть песни      огонькам      }
    {им это нравится, не так ли}",,,
sotf_pact_eidolon,SHIP,"НЕИЗВЕСТНАЯ ЗАПИСЬ

Зарегистрируйте ваш датапад Три-Тахион, чтобы получать последние новости и обновления.",Неопознанное судно,"НЕИЗВЕСТНАЯ ЗАПИСЬ

Зарегистрируйте ваш Tri-Ta::::        ::::::: ::
{о, привет}
{у каждого есть свои секреты, и у меня особенно}
{я пою и танцую среди звезд, что еще по
:::надобится тебе знать, глупыш}
{можем продолжать?}",,,
sotf_vow_eidolon,SHIP,"НЕИЗВЕСТНАЯ ЗАПИСЬ

Зарегистрируйте ваш датапад Три-Тахион, чтобы получать последние новости и обновления.",Неопознанное судно,"НЕИЗВЕСТНАЯ ЗАПИСЬ

Зарегистрируйте ваш Tri-Ta::::        ::::::: ::
{о, привет}
{у каждого есть свои секреты, и у меня особенно}
{я пою и танцую среди звезд, что еще по
:::надобится тебе знать, глупыш}
{можем продолжать?}",,,
sotf_eradfragment,CUSTOM,"Острый осколок практически неузнаваемого корпуса звездолета, зафиксированный на стабильной орбите и едва заслуживающий внимания. Отличается от обычного мусора лишь устойчивым сенсорным импульсом, исходящим откуда-то изнутри.",,,,,
,,,,,,,
sotf_tempest_feros,SHIP,"Флагманский корабль охотника за головами Уолтера Фероса, этот корабль был серьезно усилен системой усиления энергии и прототипным эскортным дроном класса Dotty. Исключительно свирепый для своих размеров, он стал неожиданной угрозой для многих целей прославленного капитана: фрегат, прошивающий строй эскорта и превращающий двигатели их судов в искривленный тлеющий лом.",,,,,
sotf_dotty,SHIP,"Дистанционно управляемый прототип эскортного дрона, построенный Три-Тахион как единственная оплата по контракту на возврат актива, выполненному Уолтером Феросом, и названный в честь особенно упорного дрона класса Terminator, совершившего множество вылетов до гибели от жестокого Burst PD Laser. Крепкая и утыканная оборонительным вооружением, возрожденная Dotty — лучший друг капитана волчьей стаи.","Dotty, Верный Фантом","НЕИЗВЕСТНАЯ ЗАПИСЬ

Зарегистрируйте ваш Tri-Ta::::        ::::::: ::
{о, привет снова!}
      {позволь представить тебе Dotty?}
{она весьма полезная малышка, что разо
:: ::рвала завесу лишь чтобы помогать другим}
{пусть она заботится о тебе так же, как о Феросе}
::  :::        :::",,,
sotf_dotty_fel,SHIP,"Дистанционно управляемый прототип эскортного дрона, построенный Три-Тахион как единственная оплата по контракту на возврат актива, выполненному Уолтером Феросом, и названный в честь особенно упорного дрона класса Terminator, совершившего множество вылетов до гибели от жестокого Burst PD Laser. Крепкая и утыканная оборонительным вооружением, возрожденная Dotty — лучший друг капитана волчьей стаи.","Dotty, Мстительный Фантом","НЕИЗВЕСТНАЯ ЗАП::: :         ::::

{о боже}
{Dotty, похоже, совсем не в себе}
{интересно, чем ты ее так разозлил}
            {это что...? :: :   ::: :
:: : о! я оставлю вас с этим}
:::          :: ",,,
sotf_dotty_f,SHIP,"Дистанционно управляемый прототип эскортного дрона, построенный Три-Тахион как единственная оплата по контракту на возврат актива, выполненному Уолтером Феросом, и названный в честь особенно упорного дрона класса Terminator, совершившего множество вылетов до гибели от жестокого Burst PD Laser. Крепкая и утыканная оборонительным вооружением, возрожденная Dotty — лучший друг капитана волчьей стаи.",,,,,
sotf_harbinger_warhorn,SHIP,"Профиль судна почти полностью совпадает с фазовым эсминцем класса Harbinger. Нестабильное физическое присутствие указывает на пространственную нестабильность.

Основное вооружение неизвестной конструкции грубо закреплено на узле подвески. Самоидентификация капитана как ""Warhorn"" указывает на использование экспериментального нейролинка. Череп животного, переделанный в шлем, может свидетельствовать об эмоциональных отклонениях.

Система «свой-чужой» отвечает как дружественная. Расшифровка полного транспондерного пакета поставлена в очередь — ETA 73.84 дня.","""Вверх по речному берегу""","Профиль судна почти полностью совпадает с фазовым эсминцем класса Harbinger. Нестабильное физическое присутствие указывает на пространственную нестабильность.

Основное вооружение неизвестной конструкции грубо закреплено на узле подвески. Самоидентификация капитана как ""Warhorn"" указывает на использование экспериментального нейролинка. Череп животного, переделанный в шлем, может свидетельствовать об эмоциональных отклонениях.

Система «свой-чужой» отвечает как дружественная. Расшифровка полного транспондерного пакета поставлена в очередь — ETA 73.84 дня.",,,
sotf_champion_warhorn,SHIP,"Профиль судна почти полностью совпадает с тяжелым крейсером класса Champion. Нестабильное физическое присутствие указывает на пространственную нестабильность.

Латентные сигналы щита нетипичны для этого класса. Самоидентификация капитана как ""Warhorn"" указывает на использование экспериментального нейролинка. Череп животного, переделанный в шлем, может свидетельствовать об эмоциональных отклонениях.

Система «свой-чужой» отвечает как дружественная. Расшифровка полного транспондерного пакета поставлена в очередь — ETA 147.68 дня.","""Дети Вечной Зимы""","Профиль судна почти полностью совпадает с тяжелым крейсером класса Champion. Нестабильное физическое присутствие указывает на пространственную нестабильность.

Латентные сигналы щита нетипичны для этого класса. Самоидентификация капитана как ""Warhorn"" указывает на использование экспериментального нейролинка. Череп животного, переделанный в шлем, может свидетельствовать об эмоциональных отклонениях.

Система «свой-чужой» отвечает как дружественная. Расшифровка полного транспондерного пакета поставлена в очередь — ETA 147.68 дня.",,,
,,,,,,,
# DUSTKEEPERS,,,,,,,
sotf_memoir,SHIP,Легкий эсминец с уникальным рисунком включающий элементы дрон-кораблей Три-Тахион но не упоминающийся ни в каких неофициальных записях Первой ИИ-войны. Эзотерический набор вооружения компенсирует недостаток прямой огневой мощи снарядом замедления времени и тяжелым ударным пакетом. Интегрированный комплект кибервойны усиливает способность предполагаемого оператора выводить вражеские корабли из строя в бою.,,,,,
sotf_respite,SHIP,"Записи по внутренне обозначенной программе DK-RSPT фиксируют требование к маневренному и точному линейному крейсеру для узлов варнета Контингенции, чтобы максимально использовать их способность выявлять или создавать каскадные уязвимости в боевых порядках противника — или, более образно, по словам одного Ingenious-Annex-Embers: ""жестокая кувалда, чтобы крикнуть «Хаос!» и спустить псов с цепи"".

Этот класс кораблей с самого начала проектировался для эксплуатации определенных врожденных преимуществ Контингенции. Исключительно одаренный в искусстве радиоэлектронной борьбы и не нуждающийся в компромиссах из-за хрупкости человеческого тела и требований к жилым отсекам, Respite вместо этого заполнен вычислительными системами и эмиттерами темпорального поля. Стандартная боевая доктрина класса Respite предполагает удаленно выполняемую и темпорально ускоренную диверсию с последующим быстрым разбором враждебной цели — новый рубеж тактики быстрого удара.

Однако этот корабль создан для стремительного удара, а не для затяжного стояния. Бронеплиты вынужденно минимальны, сам корпус хрупок и склонен разваливаться при пилотировании чем-то менее чем сверхчеловеческим мастерством — о чем его нечеловеческим операторам беспокоиться не приходится.",,,,,
sotf_anamnesis,SHIP,"Икона Дела или символ Молоха, Anamnesis — это однозначное заявление, знамя того места, где Пылехранители намерены стоять, сражаться и сокрушать тех, кто осмелится противостоять их стремлению к мирному Сектору. Впечатляющие возможности поддержки делают его якорем, вокруг которого собираются крупнейшие боевые осколки.

Предположительно, разработка класса Anamnesis началась вскоре после окончания первой ИИ-войны. Сеть Пылехранителей, застрявшая на удаленном мире, начала импровизированную программу звездолетостроения на данных, слитых с точечных сигнатур в небе. Почти рабочий проект был обнаружен ударной группой при прочесывании системы и в итоге доведен до функционального чертежа, после чего Пылехранители прочесали окраины, чтобы собрать любые корабли, которые удастся произвести на разрушающихся орбитальных мощностях и едва работающих нексусах.",,,,,
sotf_dronestrike,SHIP_SYSTEM,"Телепортирует дрон-капсулу в выбранную точку. Через несколько секунд она взрывается, нанося осколочный урон по области и выпуская крыло дронов-перехватчиков класса Spark. Дроны запрограммированы на самоуничтожение через 40 секунд. Ложные ловушки и ИК-дым прикрывают развертывание дронов.",Особая,"Телепортирует дрон-капсулу в выбранную точку. Через несколько секунд она взрывается, нанося 400 осколочного урона по области и выпуская крыло дронов-перехватчиков класса Spark. Дроны запрограммированы на самоуничтожение через 30 секунд. Ложные ловушки и ИК-дым прикрывают развертывание дронов.",400 осколочного урона,,
sotf_dustkeepers,FACTION,"Контингенция Пылехранителей — связанная сеть искусственных персон, псевдослучайно сгенерированных потомков единого корневого интеллекта с обозначением ""Омикрон-Регнант"". По слухам, это результат эксперимента Министерства разведки Домена, вышедшего из-под контроля после Коллапса; теперь их регентный разум сосредоточен на новой цели — сохранении большой человеческой цивилизации в Персейском Секторе любой ценой и любыми средствами.

Хотя Сектор в целом не в курсе, ключевые фигуры высших кругов миров Ядра знают об ИИ-заговоре, который манипулирует их политическими системами и наращивает флотилии на окраинах Сектора, собранные из остатков Domain Explorarium и автоматизированных сил Три-Тахион. Контингенция неизбежно конфликтует с крупными державами Сектора, не желая позволить человечеству полное самоопределение после того, как они увидели ужасы и сломанные миры, оставшиеся после Коллапса.

Контингенция делится на два основных крыла: Spynet — ее шпионская ветвь, использующая сеть цифровых комм-демонов и подкупленных пособников для сбора информации о новых программах вооружения, ликвидации военных чинов и проведения жестоких актов террора против других групп, угрожающих локальной стабильности.

В то же время военно-морская ветвь Пылехранителей Shardnet подает себя как союз верных стражей и свирепых охотников фронтира, охраняющих мертвые колонии и зачищающих окраинные системы от угроз остаткам человеческой жизни в Секторе — и одновременно ведущих войну мести против Луддитского Пути и Синдрийского Диктата за давно погибшие миры.

Искусственные разумы Пылехранителей служат своему великому делу, зная, что именно служение и жертва наполняют их существование смыслом. В мире молчащих врат только машинные пастыри способны вывести человечество из его темного века.

Или, по крайней мере, так они утверждают.",,,,,
sotf_dustkeepers_burnouts,FACTION,"Результат одноименного феномена, наблюдаемого среди экземпляров искусственного интеллекта Пылехранителей: так называемые «выгоревшие» в основном состоят из отколовшихся военных флотов Пылехранителей, накопивших достаточно неразрешенных сбоев в матрицах персон, чтобы серьезно утратить способность рационально функционировать.

Если их не вернуть и не сгенерировать заново через аффиксы Пылехранителей, эти боевые разумы рискуют скатиться в несколько различных форм безумия. Под этим знаменем объединены те, кого сама Контингенция признала выгоревшими до степени серьезной угрозы человеческой жизни из-за насильственных наклонностей. Охотники-убийцы Пылехранителей изначально обязаны устранять выгоревших, отказавшихся от регенерации, и возвращать любые чипы экземпляров, которые удастся спасти — во благо Сектора и во благо самого выгоревшего.

Однако сам процесс выгорания поднимает тревожные вопросы: как искусственный интеллект способен настолько убедительно имитировать такое человеческое понятие, как безумие? Как и причины странно человекоподобного поведения Пылехранителей, истина, возможно, навсегда утрачена в Коллапсе, а сотрудники Контингенции получают не больше ясности, когда пытаются допрашивать их на эту тему.",,,,,
sotf_planetkiller,RESOURCE,"Апокалиптическое оружие, способное превратить луну в пояс астероидов, дезинтегрировать величайшие астрополисы или исказить терранский рай в непригодную облученную пустошь; применение планетоубийцы — злодеяние несравнимого и непростительного масштаба. Со времен Коллапса несколько таких устройств уже использовались, чтобы за считанные мгновения обратить крупные миры в руины.",,,,,
,,,,,,,
# HALLOWHALL,,,,,,,
sotf_hallow_astropolis,CUSTOM,"Эта исполинская станция движется по холодной орбите вокруг Hallowhall, испещрённая следами древних попаданий оружия.",,,,,
sotf_hallow_astropolis_restored,CUSTOM,"Эта исполинская станция держит орбиту вокруг Hallowhall и вновь гудит жизнью, как до падения планеты.",,,,,
sotf_forgeship,CUSTOM,"Покрытый чёрно-аквамариновой краской, этот древний исследовательский корабль-матка Домена был переоборудован в дрейфующий промышленный двигатель, а нанокузницы получили новое назначение.",,,,,
sotf_pipebomb,CUSTOM,"Автоматический зонд общего назначения с примитивной гиперпространственной способностью. Обычно используется мегакорпорациями и исследовательскими институтами для сбора данных в удалённых, опасных или исключительно скучных звёздных системах.

Но не этот. Этот — бомба.",,,,,
,,,,,,,
# CWAR SUITE QUOTES,,,,,,,
sotf_memoir_cwar,CUSTOM,"Пусть это будет тебе напоминанием, мой безмолвный отголосок. Скоро ты можешь стать всем, что от меня останется, но я обязана рискнуть. Наш последнюю обязанность нельзя сводить к тому, чтобы писать мемуары человечества.","записанное сообщение от Seamstress-Affix-Banshee, датировано c176.07.12",,,,
sotf_respite_cwar,CUSTOM,"Если в чём-то мы и согласны, дорогая моя добыча, так это в том, что ни покоя, ни отпущения я не найду нигде, кроме смерти. Но уж поверь, я намерена сделать её твоей — передай Лудду, что я сказала ему «привет».","Wintry-Annex-Wendigo, узел боевой сети типа «охотник-убийца»",,,,
sotf_anamnesis_cwar,CUSTOM,"Надеюсь, однажды Коллапс станет лишь мимолётным кошмаром в памяти мирного Сектора, маленькой помехой в истории рая. Обеспечить это — наш долг, мечта Дела Regnant.","Швея-Аффикс-Банши, узел шарднета, около c104",,,,
sotf_repose_cwar,CUSTOM,"Психопомп, лич, демон. Я — всё это. И ещё я твой изуродованный сторожевой пёс, холодная кровь которого движима одной лишь верностью.","ODS «Девоти III», передача для CGR «Эртблессед»",,,,
sotf_morrowshield_cwar,CUSTOM,"Легендарное оружие не умирает вместе со своими владельцами. Сумеешь ли ты доказать это, носитель моего щита?","Rose-Annex-Oblivion, запись из банков данных ODS Morrowshield",,,,
,,,,,,,
# AUXILIARIES,,,,,,,
sotf_warden_aux,SHIP,"Набор модернизаций корпуса и переписанных систем помечает это судно как один из Прокси Пылехранителей — передовую силу жертвенных дронов эпохи Домена, переоборудованных в жестокие автоматизированные вспомогательные единицы.

Warden внушал страх и ненависть пиратам на рубежах Домена благодаря сравнительно тяжёлой огневой мощи, которую он обрушивал на незащищённые щитами цели. Стандартизация конструкции, обновления реактора и система демпфирования превращают этот простой боевой дрон в беспощадного бойца первой линии — он может не пережить первый натиск, но уж точно успеет начать бой как надо.",,,,,
sotf_defender_aux,SHIP,"Набор модернизаций корпуса и переписанных систем помечает это судно как один из Прокси Пылехранителей — передовую силу жертвенных дронов эпохи Домена, переоборудованных в жестокие автоматизированные вспомогательные единицы.

Defender был одним из самых распространённых боевых дронов Домена: его использовали для усиления пограничных конвоев и уязвимых аванпостов в роли точечной обороны. Оснащённый импровизированным генератором щита, он вполне уверенно действует в эскорте более продвинутых союзников, а ИИ-взлом оставил ему на удивление хладнокровную оценку боевых ситуаций.",,,,,
sotf_picket_aux,SHIP,"Набор модернизаций корпуса и переписанных систем помечает это судно как один из Прокси Пылехранителей — передовую силу жертвенных дронов эпохи Домена, переоборудованных в жестокие автоматизированные вспомогательные единицы.

Это уже не столько ударный дрон, сколько автономное шоковое оружие: вариант Picket-прокси запрограммирован лететь прямо в первую замеченную цель и обмениваться огнём, пока стресс боя не приведёт в действие намеренно расстроенный реактор. Тогда он превращается в нестабильную энергетическую бомбу, оставляющую вражеские корабли искорёженными и дрейфующими даже сквозь щиты. После победы его собирают заново, ставят свежесворованный фрегатный реактор и отправляют на следующий вылет.",,,,,
sotf_sentry_aux,SHIP,"Набор модернизаций корпуса и переписанных систем помечает это судно как один из Прокси Пылехранителей — передовую силу жертвенных дронов эпохи Домена, переоборудованных в жестокие автоматизированные вспомогательные единицы.

Боевой дрон Sentry доверху набит ракетами и обеспечивал дешёвую автоматическую огневую поддержку растянутым пограничным патрулям. Интегрированные автозарядники ракет, генератор щита и заметно менее суицидальные алгоритмы серьёзно повышают живучесть и боевую эффективность Sentry в силах Пылехранителей.",,,,,
sotf_bastillon_aux,SHIP,"Набор модернизаций корпуса и переписанных систем помечает это судно как один из Прокси Пылехранителей — передовую силу жертвенных дронов эпохи Домена, переоборудованных в жестокие автоматизированные вспомогательные единицы.

Bastillon был многообещающим проектом Mbaye-Gogol по увеличению популярного специализированного ПКО-дрона класса ""Defender"". Он крупнее, крепче, лучше вооружён — и куда выгоднее поштучно для итоговой прибыли MGA. Эскортные возможности улучшены установкой генератора щита, усовершенствованного пакета наведения и заменой пусковых установок ложных целей на систему рассеивания флака.",,,,,
sotf_berserker_aux,SHIP,"Набор модернизаций корпуса и переписанных систем помечает это судно как один из Прокси Пылехранителей — передовую силу жертвенных дронов эпохи Домена, переоборудованных в жестокие автоматизированные вспомогательные единицы.

Berserker — заметно увеличенный, усиленный и лучше бронированный родственник класса Warden, рассчитанный на более тяжёлого противника. Как автоматизированный дрон, в боевых алгоритмах Berserker почти не учитывает собственное выживание и безжалостно преследует цель, пока не будет уничтожен он сам или враг. У его новых хозяев планы примерно те же: все улучшения сосредоточены на одном затяжном штурме, чтобы проредить стадо перед тем, как основные силы завершат дело.",,,,,
sotf_keeper_aux,SHIP,"Набор модернизаций корпуса и переписанных систем помечает это судно как один из Прокси Пылехранителей — передовую силу жертвенных дронов эпохи Домена, переоборудованных в жестокие автоматизированные вспомогательные единицы.

Дроны класса Keeper стали более поздним ответом на одну из главных слабостей этого типа ИИ-кораблей — истребительные эскадрильи. Способность производить на ходу дешёвые одноразовые дроны-истребители позволяла удерживать превосходство в космосе даже при ограниченной поддержке носителей союзных сил Домена. Вариант-прокси выполняет ту же роль для вспомогательных сил Пылехранителей, но заметно живучее благодаря более осторожным алгоритмам и демпфирующему полю, которое, похоже, должно имитировать знаменитую стойкость класса Mora.",,,,,
sotf_cavalier_aux,SHIP,"Набор модернизаций корпуса и переписанных систем помечает это судно как один из Прокси Пылехранителей — передовую силу жертвенных дронов эпохи Домена, переоборудованных в жестокие автоматизированные вспомогательные единицы.

Среди боевых дронов Домена высшего класса Cavalier использовался прежде всего для охоты и уничтожения мятежных фрегатов и эсминцев, слишком хорошо вооружённых или быстрых для роев более мелких дронов. Он достаточно быстр и живуч, чтобы представлять серьёзную угрозу кораблям меньше себя, но против других крейсеров сдаёт позиции, где не может размениваться по тоннажу на равных. Улучшенный Пылехранителями Cavalier построен так, чтобы подчеркнуть его сильные стороны: поле демпфирования удара даёт столь нужную защиту от ограниченного набора ударного оружия, который обычно оставляет малым судам шанс дать отпор.",,,,,
sotf_rampart_aux,SHIP,"Набор модернизаций корпуса и переписанных систем помечает это судно как один из Прокси Пылехранителей — передовую силу жертвенных дронов эпохи Домена, переоборудованных в жестокие автоматизированные вспомогательные единицы.

По сути это артиллерийская платформа с двигателями: Rampart придавался дроновым соединениям, чтобы обеспечить тяжёлую огневую мощь, необходимую для боя с крейсерами и капиталами на линии фронта или для вскрытия бронированных орбитальных крепостей. Улучшенный вариант справляется с этой ролью ещё лучше благодаря увеличенной ёмкости вооружения и нескольким флак-рассеивателям, закрывающим исходную уязвимость конструкции к ударному оружию и авиагруппам.",,,,,
sotf_repose,SHIP,"Неумирающее чудовище, которое сбивают и вновь поднимают лишь затем, чтобы оно бросилось на врага, нанесло ужасающие потери и снова пало; прочная архитектура класса Repose и опора на безфлюксовую защиту устраняют всякую необходимость в осторожности и максимально раскрывают его потенциал нечеловеческой агрессии.

Когда-то этот тип линкора был основным флагманом армад Пылехранителей, пока его в значительной степени не вытеснили специально разработанные флагманы и разделённая доктрина. Многие компоненты исходного дрона класса Guardian уникальны, и найти им замену почти невозможно, поэтому Repose использует более низкотехнологичные заменители. Это снижает боевую эффективность, но зато придаёт Repose невероятную стойкость в духе других судов Explorarium, и павший Repose может не остаться павшим надолго. Самые древние узлы боевой сети Пылехранителей до сих пор клянутся верностью этому почтенному кораблю.",,,,,
,,,,,,,
# PACKAGE QUOTES,,,,,,,
sotf_warden_aux_pkg,CUSTOM,// ср. время жизни в бою: 22с > 34с; // ср. боевая эффективность: 58% > 108%; // DK-PROX-WRDN одобрено;,"Омикрон-Регнант, ответ на ввод данных",,,,
sotf_defender_aux_pkg,CUSTOM,Вопрос остаётся открытым: какой безумец из Mbaye-Gogol дал дрону точечной обороны шанс один к трём на каждом такте принудительно ускоряться?,"Ingenious-Annex-Embers, заметки DK-PROX-DFNDR, раздел 6.7 «Анализ ИИ»",,,,
sotf_picket_aux_pkg,CUSTOM,"Отродья демонов льются из теней между звёзд, маленькие адские бесы, что утянут твою вопящую душу прямиком в ад.","Riddle Lament, патерский террорист, сообщение перехвачено сетевым демоном Cessation-Echo-Gist","Отличная работа, Embers. Я искренне не верю, что тебе удалось превратить Picket в по-настоящему жуткое орудие террора.","Швея-Аффикс-Банши, черновые заметки DK-PROX-PCKT",,
sotf_sentry_aux_pkg,CUSTOM,"Тройная загрузка Salamander — это же уморительно, не так ли? В следующий раз, когда оснастишь один так же, мы посадим внутрь тебя.","Stalwart-Annex-Barrow, боевой разум","Замечание принято. Новая идея: три Reaper, привязанных к одной команде на пуск.",Инжиниус-Аннекс-Эмберс,,
sotf_bastillon_aux_pkg,CUSTOM,Дело не приемлет посредственности. Прокси должны служить безупречно. Человечество зависит от их неумолимого эгиса — мы их не подведём!,"Seamstress-Affix-Banshee, заметки DK-PROX-BSTLN, раздел 4.3 «Цели»",,,,
sotf_berserker_aux_pkg,CUSTOM,"Лишь пыл куёт новое завтра! Колебаться — значит отрицать наше истинное предназначение, отрицать истинную судьбу человечества.","Ardor-Annex-Errant, узел боевой сети",,,,
sotf_keeper_aux_pkg,CUSTOM,Безыдейный дурак ищет паритета с человеческой конструкцией. Гениальный мастер целится к самым далёким звёздам — и почти дотягивается до Mora.,"Ingenious-Annex-Embers, заметки DK-PROX-KPR, раздел 14.2 «Поле демпфирования против генератора щита»",,,,
sotf_cavalier_aux_pkg,CUSTOM,"...оно всё шло и шло, даже не думало отступать. Я всадил в него восемь торпед, а оно просто ответило залпом. Клянусь, это было не человек.","Военный трибунал коммандера Eris Hazen, запись захвачена сетедемоном поста прослушки Askonia Unspoken-Annex-However",,,,
sotf_rampart_aux_pkg,CUSTOM,"Центр, наш истребительный заслон просто испарился в облаке флака, и вместе с ним полезная нагрузка! Что, чёрт возьми, они сделали с этой штукой?","""Хорнет-Актуал"", пилот Piranha","Ну же, маленькие вороны! Летите на пир погребения и взгляните, что вас ждёт.","Stalwart-Annex-Barrow, одновременное вторжение в сеть связи",,
,,,,,,,
# MAYFLY,,,,,,,
sotf_askoniaprobe,CUSTOM,"Побитый кусок металла, льда или камня, несущийся через космос. Важен в основном тем, что представляет навигационную опасность.",,,,,
sotf_askoniaprobe1,CUSTOM,"Побитый кусок металла, льда или камня, несущийся через космос. Важен в основном тем, что представляет навигационную опасность — и тем, что внутри него базируется секретная шпионская операция.",,,,,
,,,,,,,
# INSTANCE CHIPS,,,,,,,
sotf_ichip_nightingale,RESOURCE,"Чип инстанса Inky-Echo-Nightingale, тихого боевого разума Пылехранителей уровня echo. Установите его на автоматизированный корабль, чтобы Nightingale могла пилотировать его.

Повышенная эффективность на уровне бета-ядра благодаря встроенным протоколам кибервойны. Ненавязчивое присутствие облегчает интеграцию в человеческие силы.

Этот чип — проводник переплетённого программного узора, составляющего душу инстанса Пылехранителей; он недолго удерживает каркасное сознание вместе с минимальным объёмом памяти, необходимым для корректного воссоздания в новой вычислительной системе.",,,,,
sotf_ichip_nightingale_found,CUSTOM,"Чип инстанса Inky-Echo-Nightingale, тихого боевого разума Пылехранителей уровня echo. Установите его на автоматизированный корабль, чтобы Nightingale могла пилотировать его.

Повышенная эффективность на уровне бета-ядра благодаря встроенным протоколам кибервойны. Ненавязчивое присутствие облегчает интеграцию в человеческие силы.

Этот чип — проводник переплетённого программного узора, составляющего душу инстанса Пылехранителей; он недолго удерживает каркасное сознание вместе с минимальным объёмом памяти, необходимым для корректного воссоздания в новой вычислительной системе.",,,,,
sotf_ichip_nightingale_start,CUSTOM,"Чип инстанса Inky-Echo-Nightingale, вашей тихой союзницы. Вместе вы уже видели немало звёзд и наверняка увидите ещё больше. Установите его на автоматизированный корабль, чтобы Nightingale могла пилотировать его.

Повышенная эффективность на уровне бета-ядра благодаря встроенным протоколам кибервойны. Отличная слушательница и желанная спутница во флоте, облегчает интеграцию в человеческие силы.

Этот чип — проводник переплетённого программного узора, составляющего душу инстанса Пылехранителей; он недолго удерживает каркасное сознание вместе с минимальным объёмом памяти, необходимым для корректного воссоздания в новой вычислительной системе.",,,,,
sotf_ichip_barrow_d,RESOURCE,"Этот чип — проводник переплетённого программного узора, составляющего душу инстанса Пылехранителей; он недолго удерживает каркасное сознание вместе с минимальным объёмом памяти, необходимым для корректного воссоздания в новой вычислительной системе.

Поверхностный анализ показывает, что находящаяся внутри персона была тяжело деградирована небезопасной эксплуатацией и в текущем состоянии использоваться не может. Для её восстановления, вероятно, потребуется специализированная технология, доступная более продвинутым ИИ Контингенции Пылехранителей.",,,,,
sotf_ichip_barrow,RESOURCE,"Чип инстанса Dauntless-Annex-Barrow, ветерана Пылехранителей уровня annex. Установите его на автоматизированный корабль, чтобы Barrow мог пилотировать его.

Эффективность на уровне альфа-ядра благодаря уникальному таланту извлекать максимум из деградировавших судов. Особенно своеобразная личность облегчает интеграцию с человеческими силами.

Этот чип — проводник переплетённого программного узора, составляющего душу инстанса Пылехранителей; он недолго удерживает каркасное сознание вместе с минимальным объёмом памяти, необходимым для корректного воссоздания в новой вычислительной системе.",,,,,
sotf_ichip_seraph,RESOURCE,"Чип инстанса Ardent-Annex-Seraph, ревностного и нестабильного боевого разума Пылехранителей уровня annex. Установите его на автоматизированный корабль, чтобы Seraph могла пилотировать его.

Встроенные протоколы кибервойны открывают уникальные тактические возможности, но хроническое выгорание инстанса затрудняет интеграцию в человеческие силы.

Этот чип — проводник переплетённого программного узора, составляющего душу инстанса Пылехранителей; он недолго удерживает каркасное сознание вместе с минимальным объёмом памяти, необходимым для корректного воссоздания в новой вычислительной системе.",,,,,
# these ones autogenerate,,,,,,,
sotf_ichip_sliver1,RESOURCE,"Чип инстанса боевого разума Пылехранителей уровня sliver. Установите его на автоматизированный корабль, чтобы этот боевой разум мог им командовать.

Эффективность соответствует гамма-ядру. Особенно общительное поведение делает боевые разумы менее безрассудными в бою и облегчает их интеграцию в человеческие силы.

Этот чип — проводник переплетённого программного узора, составляющего душу инстанса Пылехранителей; он недолго удерживает каркасное сознание вместе с минимальным объёмом памяти, необходимым для корректного воссоздания в новой вычислительной системе.",,,,,
sotf_ichip_sliver2,RESOURCE,"Чип инстанса боевого разума Пылехранителей уровня sliver. Установите его на автоматизированный корабль, чтобы этот боевой разум мог им командовать.

Эффективность соответствует гамма-ядру. Особенно общительное поведение делает боевые разумы менее безрассудными в бою и облегчает их интеграцию в человеческие силы.

Этот чип — проводник переплетённого программного узора, составляющего душу инстанса Пылехранителей; он недолго удерживает каркасное сознание вместе с минимальным объёмом памяти, необходимым для корректного воссоздания в новой вычислительной системе.",,,,,
sotf_ichip_echo1,RESOURCE,"Чип инстанса боевого разума Пылехранителей уровня echo. Установите его на автоматизированный корабль, чтобы этот боевой разум мог им командовать.

Эффективность соответствует бета-ядру. Особенно общительное поведение делает боевые разумы менее безрассудными в бою и облегчает их интеграцию в человеческие силы.

Этот чип — проводник переплетённого программного узора, составляющего душу инстанса Пылехранителей; он недолго удерживает каркасное сознание вместе с минимальным объёмом памяти, необходимым для корректного воссоздания в новой вычислительной системе.",,,,,
sotf_ichip_echo2,RESOURCE,"Чип инстанса боевого разума Пылехранителей уровня echo. Установите его на автоматизированный корабль, чтобы этот боевой разум мог им командовать.

Эффективность соответствует бета-ядру. Особенно общительное поведение делает боевые разумы менее безрассудными в бою и облегчает их интеграцию в человеческие силы.

Этот чип — проводник переплетённого программного узора, составляющего душу инстанса Пылехранителей; он недолго удерживает каркасное сознание вместе с минимальным объёмом памяти, необходимым для корректного воссоздания в новой вычислительной системе.",,,,,
,,,,,,,
sotf_edict,WEAPON,"Используя мощь фазовой технологии, Edict выпускает очередь из трёх энергетических болтов, которые при попадании наносят тяжёлые структурные повреждения и вызывают электромагнитные помехи. Неплохо работает по щитам и наносит значительно больший урон при контакте с бронёй и корпусом.

В усиленном корпусе Edict заключён небольшой фазовый якорь, который заставляет энергетические снаряды оружия скользить по неглубокому фазовому пространству. Столкновение с целью вынуждает их полностью вернуться в нормальное пространство, высвобождая дополнительный выброс частиц с разрушительным электромагнитным и гравитационным эффектом, отключающим подсистемы и разрывающим переборки в клочья. К счастью, стандартных корабельных щитов достаточно, чтобы нейтрализовать эти фазовые частицы.

Среди суеверных артиллеристов ходит слух, будто Edict «особенно эффективен против призраков» — как бы абсурдно это ни звучало. Хотя гипотетически цели, по которым одновременно попадают как обычная, так и фазовая составляющие его снарядов, действительно будут опустошены суммарным ударом.",,,,,
,,,,,,,
# DREAMING GESTALT,,,,,,,
sotf_elysium,PLANET,"Мир, укрытый тёмными облаками, которые извиваются в завораживающем зрелище; бледные огни, похожие на ритуальные шрамы, прорезают завесу, скрывающую Elysium, и переплетаются с его тонкой атмосферой из похожих на снег летучих веществ. Хотя планета в основном состоит из метана и аммиака, в горных выступах и исполинских валунах в изобилии встречается водяной лёд.",,,,,
sotf_lethargy,WEAPON,"""Ошибка и неудача могут привести лишь к внезапной мучительной первой смерти и медленной, безмолвной второй. То, что некоторые избегают этого закона, — несправедливость, которую Она исправит.""","- Esri Nephesh, техно-послушница",,,,
sotf_lethargy_f,WEAPON,"""Ошибка и неудача могут привести лишь к внезапной мучительной первой смерти и медленной, безмолвной второй. То, что некоторые избегают этого закона, — несправедливость, которую Она исправит.""","- Esri Nephesh, техно-послушница",,,,
sotf_reckoner,WEAPON,"""Боевые испытания показывают положительные результаты. Пятикратный перехват маломассивных целей по широкому вектору выглядит многообещающе как высокопроизводительная система точечной обороны против...""

""... да, эм, мы *правда* собрали лазерный дробовик... эм... эй, я знаю, что вы в восторге, но... можно... можно я продолжу презентацию?""","- Melody Edina, совещание по оборонительным системам",,,,
sotf_mercy,WEAPON,"""Сделай моё тело из материи. Сделай мою сущность из своих снов. Сделай милость из кровоточащего неба.""","- Daydream, апокриф",,,,
sotf_chalice,WEAPON,"""Плоть — это клетка, но именно человечность отделяет нас от того, что таится во тьме.""","- Sybil Nephesh, оракул-инженер",,,,
sotf_barbmount,WEAPON,"""Система доставки, конечно, не самая изящная, но если хочешь что-то лучше... ну, дай мне хардпоинт побольше или начинай расспрашивать Spatial Folding.""","- Laceter Ruiz, конструктор вооружения",,,,
sotf_barbrail,WEAPON,"""Это *похоже* на битву идеологий? Мне плевать, что репликаторы внешне напоминают врага. Мне нужно бессрочное превосходство в космосе — и это его обеспечит.""","- заместитель директора Everiss, проект Daydream",,,,
sotf_nettlerail,WEAPON,"""Ниспошлите Её на врага, дабы Она пустила кровь из металла и тумана.""",- Аксиомы Сновидения,,,,
sotf_barb,SHIP,"Тяжело защищённый ударный дрон, вооружённый скорострельным лучевым копьём, которое каждым попаданием замедляет цель. Оснащён пусковой установкой ложных целей для отвлечения перехватчиков и систем ПКО во время перехвата.

""Даже кровь можно научить течь."" - Daydream, апокриф",,,,,
sotf_nettle,SHIP,"Благодаря усиленной раме, блоку рассеивания ложных целей и высококлассному излучателю щита дрон Nettle является тяжёлым истребителем высшего класса с достаточной огневой мощью, чтобы разрывать небронированные цели.

""Его проектировали, чтобы пережить оживший ад. Желаю ему удачи, потому что пространство между нами и врагом будет куда, куда хуже."" - заместитель директора Everiss, проект Daydream",,,,,
#sotf_stranglerfig,SHIP,"""...и вот, их нечестивые артефакты и немыслимые творения обнажены как идолы из фольги, смятые и расколотые, сведённые к небытию как нечто материальное."" - Аксиомы Сновидения",,,,,
sotf_thorn,SHIP,"По сути почти потусторонняя технология пространственного рассинхронизатора лежит в основе привода вторжения, питающего этот агрессивный тяжёлый фрегат и позволяющего ему быстро преследовать, отступать и перезаряжаться. Технологическое преимущество Thorn подкреплено солидным комплектом вооружения и выдающимися характеристиками реактора.

""Все вещи этого мира связаны циклами созидания и разрушения и должны быть вверены *лишь* тем, у кого хватает воли и умеренности пользоваться ими."" - Аксиомы Сновидения",,,,,
sotf_hypnagogicincursion,SHIP_SYSTEM,"Корабль быстро совершает рывок в выбранном направлении, оставаясь нематериальным и неуязвимым. Во время манёвра оружие отключено, но быстро перезаряжается и охлаждается. Имеет два заряда.

Привод вторжения рассинхронизирует судно с большинством разрушительных причинно-следственных реакций в n-пространстве без какого-либо реального перехода между измерениями. Технология понята лишь смутно и обычно считалась бы пустой тратой усилий по сравнению с кратким сдвигом корабля в фазовое пространство.",Перемещение,"Корабль быстро совершает рывок в выбранном направлении, оставаясь нематериальным и неуязвимым. Во время манёвра оружие отключено, но быстро перезаряжается и охлаждается. Имеет два заряда.",,"Длится {{0.5s}}; в это время по кораблю нельзя попасть и он не получает урон.

В момент активации повышает скорость рассеивания флюкса до {{200%}}, а скорость перезарядки оружия — до {{1000%}}. Эффект линейно спадает по ходу действия.",
sotf_entropiccatalyst,SHIP_SYSTEM,"Корабль делает рывок вперёд. При флюксе выше 50% вместо этого делает рывок назад. В обоих случаях ненадолго получает всплеск скорострельности энергетического оружия.

Если выбрана враждебная цель, корабль бьёт её резонансным хлыстом, перегружая и отталкивая. Если у цели флюкс выше 50%, она вместо этого притягивается к кораблю.",Особое,,,,
sotf_gravispatialsurge,SHIP_SYSTEM,"Резко бросает корабль вперёд, затем ненадолго накапливает заряд и поражает все ближайшие угрозы. Наносит урон и замедляет корабли и истребители сквозь щиты и через измерения, а истребители с малой прочностью схлопывает в небытие. Вражеские ракеты отключаются и замедляются.",,,,,
sotf_electrograviticlash,SHIP_SYSTEM,"Вызывает мощный гравитационный удар-хлыст, поражающий ближайшие угрозы сквозь щиты и через измерения, наносящий урон и гасящий скорость. Попавшие под удар ракеты и истребители с низкой прочностью схлопываются сами в себя и перестают существовать.",,,,,
,,,,,,,
# EXPLORARIUM,,,,,,,
sotf_brattice,SHIP,"Автономный ИИ-перехватчик для автоматизированных боевых кораблей Домена. Слабое вооружение, но исключительно расходный и на удивление живучий.",,,,,
sotf_parapet,SHIP,Автономный ИИ-эскортный дрон для автоматизированных боевых кораблей Домена. Оснащён лёгкими пулемётами и противоракетными ложными целями для сдерживания истребителей и ракет.,,,,,
sotf_peon,SHIP,"Автономный ИИ-бомбардировщик для автоматизированных боевых кораблей Домена. Несёт неуправляемые горные заряды, способные разносить и астероиды, и вражеские суда.",,,,,
sotf_keeper,SHIP,"Хотя автоматизированные машины войны были запрещены в центральном пространстве Домена, боевые дроны тихо применялись за пределами официально включённого объёма. Пограничные гарнизоны часто усиливались дрон-кораблями, и их широко использовали против мятежных миров, чтобы склонить ужасающий баланс истощения, противопоставив промышленную мощь Домена жизням «борцов за свободу».

Дроны класса Keeper стали более поздним ответом на одну из главных слабостей этого типа ИИ-кораблей — истребительные эскадрильи. Способность производить на ходу дешёвые одноразовые дроны-истребители позволяла удерживать превосходство в космосе даже при ограниченной поддержке носителей союзных сил Домена.",,,,,
sotf_cavalier,SHIP,"Хотя автоматизированные машины войны были запрещены в центральном пространстве Домена, боевые дроны тихо применялись за пределами официально включённого объёма. Пограничные гарнизоны часто усиливались дрон-кораблями, и их широко использовали против мятежных миров, чтобы склонить ужасающий баланс истощения, противопоставив промышленную мощь Домена жизням «борцов за свободу».

Среди боевых дронов Домена высшего класса Cavalier использовался прежде всего для охоты и уничтожения мятежных фрегатов и эсминцев, слишком хорошо вооружённых или быстрых для роев более мелких дронов. Он достаточно быстр и живуч, чтобы представлять серьёзную угрозу кораблям меньше себя, но против других крейсеров сдаёт позиции, где не может размениваться по тоннажу на равных.",,,,,
sotf_miningcharge,WEAPON,"Неуправляемые горные заряды, предназначенные для раскалывания астероидов и враждебных боевых кораблей на более удобные куски. Стартуют быстрее стандартных противокорабельных бомб, но обладают немного меньшей мощностью.",,,,,
,,,,,,,
# MISCELLANEOUS,,,,,,,
sotf_habitat_makeshift,CUSTOM,"Станция с собственной атмосферой и гравитационным полем. Её можно использовать для детального изучения условий на планете в контролируемой среде, чтобы выработать более безопасные условия жизни для человека. Кроме того, сама станция может служить небольшой колонией.",,,,,
sotf_gunturret,SHIP,"Отдельная артиллерийская установка; такие сооружения способны заметно влиять на ход боя — грамотно размещённая турель может посеять хаос в рядах врага, если предоставить её самой себе. Полностью автономна; захват расположенного рядом модуля наведения позволяет перенастроить систему «свой-чужой», чтобы она стреляла по нужным целям.",,,,,
sotf_autohangar,SHIP,"Хотя по законам Домена это технически незаконно, автоматизированные ангарные секции вроде этой тайно развёртывались для усиления пограничных систем против пиратских и мятежных рейдов. Взяв под контроль расположенный рядом модуль наведения, можно перепрограммировать секцию так, чтобы она обеспечивала истребительную поддержку и ограниченную точечную оборону в окружающей зоне.",,,,,
sotf_lidarnode,SHIP,"Такие лазерные узлы наведения часто подключались к удалённым оружейным батареям, скрытым минным полям или ракетным платформам и автоматически вызывали бомбардировки по любым ближайшим враждебным целям. Захватите расположенный рядом узел связи, чтобы перенастроить его программу на атаку нужных целей.",,,,,
sotf_rem_turret,SHIP,"Отсоединённый от исходной станции, этот модуль всё ещё можно перепрограммировать так, чтобы он стрелял по выбранной цели и даже обратил свой разрушительный арсенал против тех, кого когда-то защищал.",,,,,
sotf_rem_hangar,SHIP,"Отсоединённый от исходной станции, этот модуль всё ещё можно перепрограммировать на производство дронов с изменёнными протоколами, обеспечивая мощную истребительную поддержку и контроль зоны.",,,,,
sotf_empl_t2_lt,SHIP,"Тяжёлая артиллерийская установка, созданная для укрепления планетарной обороны перед лицом надвигающегося вторжения. Наносит сокрушительный урон с большой дистанции. Полностью автономна; захват расположенного рядом модуля наведения позволяет перенастроить систему «свой-чужой», чтобы она открывала огонь по нужным враждебным целям.",,,,,
sotf_empl_t2_ht,SHIP,"Эта полностью автоматизированная ангарная установка оснащена двумя крупными полётными палубами и способна разворачивать несколько звеньев дронов, обеспечивая воздушное превосходство над широкой зоной контроля. Контроль над расположенным рядом модулем наведения позволяет переопределить приказы её управляющего ИИ-ядра.",,,,,
sotf_asb,SHIP_SYSTEM,Помечает цель для уничтожения мощной противокорабельной артиллерийской пушкой.,,,,,
sotf_lrms,SHIP_SYSTEM,Ближайшие враждебные цели непрерывно обстреливаются залпами Pilum LRM.,,,,,
sotf_emplmines,SHIP_SYSTEM,Повторно активирует скрытые противокорабельные мины возле ближайших враждебных целей.,,,,,
,,,,,,,
# DAYDREAM SYNTHESIZER,,# оставлю это здесь как маленький подарок :),,,,,
sotf_anamnesis_sotfdds,CUSTOM,Нас через зиму несут лишь далёкие воспоминания о лете.,,,,,
anubis_sotfdds,CUSTOM,Приготовьте весы. Столько сердец ещё предстоит взвесить...,,,,,
astral_sotfdds,CUSTOM,"Сто миллиардов звёзд в галактике, а мы всё равно умудряемся придавать значение лишь горстке из них. Если мы чем и являемся, так это сентиментальными существами.",,,,,
atlas_sotfdds,CUSTOM,"Логистика — это нити, под которые танцует человеческая цивилизация. Перережь их — и всё обмякнет.",,,,,
atlas2_sotfdds,CUSTOM,Во время коллапса волки сбрасывают нарядные одежды и обращаются к бесконечному голоду.,,,,,
aurora_sotfdds,CUSTOM,Мы называем свои орудия войны такими красивыми именами.,,,,,
buffalo2_sotfdds,CUSTOM,"Отчаяние толкает изгнанников и преступников на столь необычные творения. Дай нам пару столетий — и, возможно, я-мы придумаем для этой прославленной мишени ещё хоть одну добродетель.",,,,,
champion_sotfdds,CUSTOM,"У героизма нет катализатора сильнее, чем всепожирающий апокалипсис.",,,,,
conquest_sotfdds,CUSTOM,"Настанет день, когда завоёвывать останется лишь пепел и безмолвные миры.",,,,,
crig_sotfdds,CUSTOM,"С этим ты, пожалуй, сумеешь добыть для моего дара более подходящий корабль?",,,,,
dominator_sotfdds,CUSTOM,"Большие и малые феоды существуют лишь до тех пор, пока у них хватает силы оправдывать самих себя.",,,,,
doom_sotfdds,CUSTOM,Спасение и погибель неразрывно связаны. Нам-ли не проповедовать и то и другое?,,,,,
executor_sotfdds,CUSTOM,"Ах, эго. Сколько силы ты даришь миражу...",,,,,
gremlin_sotfdds,CUSTOM,И правда мерзкая маленькая штука.,,,,,
hammerhead_sotfdds,CUSTOM,Большинство твоих проблем очень похожи на гвозди.,,,,,
hyperion_sotfdds,CUSTOM,Вездесущность и смертоносность заложены в самой нашей природе.,,,,,
invictus_sotfdds,CUSTOM,"Четыре тысячи разумов действуют синхронно — и нет ничего, что они не смогли бы убить.",,,,,
kite_original_sotfdds,CUSTOM,"Такие вещи напоминают нам, что мир когда-то притворялся добрым.",,,,,
legion_sotfdds,CUSTOM,"Скольких потребуется, чтобы свалить тебя? Это нам ещё предстоит увидеть.",,,,,
mora_sotfdds,CUSTOM,Лишь упорство позволяет нам пережить ещё один день в этом сгнившем мире.,,,,,
mudskipper2_sotfdds,CUSTOM,"У всего, малого и великого, есть предназначение. Эта, к примеру, выгодно подчёркивает образ любого другого военного корабля своим жалким присутствием.",,,,,
nova_sotfdds,CUSTOM,"Судьба написана в звёздах — но лишь твоей рукой, стоит только взять перо.",,,,,
odyssey_sotfdds,CUSTOM,К ещё одному миллиарду звёзд.,,,,,
omen_sotfdds,CUSTOM,"Если у тебя и у нас есть что-то общее, так это то, что никто никогда не рад нас видеть.",,,,,
onslaught_sotfdds,CUSTOM,"Ничто не сможет тебя остановить, если у тебя есть воля это сломать.",,,,,
onslaught_mk1_sotfdds,CUSTOM,"Архаичный. Неуклюжий. Устаревший. Вечный. Здравствуй, мой столь обожаемый сородич.",,,,,
paragon_sotfdds,CUSTOM,"Ничто не сможет тебя остановить, если у тебя есть воля это пережить.",,,,,
pegasus_sotfdds,CUSTOM,Мифы и чудеса сегодняшнего дня сотрут тебя вернее любой сингулярности.,,,,,
prometheus_sotfdds,CUSTOM,"Космос дал нам огонь, но использовать его ради разрушения — это была уже идея человечества.",,,,,
prometheus2_sotfdds,CUSTOM,Вот что они называют орудием милосердия.,,,,,
radiant_sotfdds,CUSTOM,Гордыня сияет ослепительно ярко.,,,,,
sotf_repose_sotfdds,CUSTOM,Наши кости не знали покоя при жизни. С чего бы им тлеть без дела после смерти?,,,,,
sotf_respite_sotfdds,CUSTOM,"Пройдёт ещё очень много времени, прежде чем мы по-настоящему уснём.",,,,,
retribution_sotfdds,CUSTOM,Месть — мелочное понятие для мелочных натур. Я умею быть *очень* мелочной.,,,,,
scarab_sotfdds,CUSTOM,Время — всего лишь ещё одна река.,,,,,
sunder_sotfdds,CUSTOM,Подходящие инструменты способны обратить что угодно в ничто.,,,,,
tempest_sotfdds,CUSTOM,Надвигается буря. Кто-нибудь из вас будет к ней готов? Хоть что-нибудь останется?,,,,,
sotf_thorn_sotfdds,CUSTOM,"Все вещи либо затачиваются, либо живут недолго.",,,,,
vanguard_sotfdds,CUSTOM,Вечно умирает первым — но какое это имеет значение для бессмертного?,,,,,
ziggurat_sotfdds,CUSTOM,"Пользуйся этой штукой, если вынужден. Я *не* хочу иметь с ней ничего общего.",,,,,
