name,id,designation,tech/manufacturer,system id,fleet pts,hitpoints,armor rating,max flux,8/6/5/4%,flux dissipation,ordnance points,fighter bays,max speed,acceleration,deceleration,max turn rate,turn acceleration,mass,shield type,defense id,shield arc,shield upkeep,shield efficiency,phase cost,phase upkeep,min crew,max crew,cargo,fuel,fuel/ly,range,max burn,base value,cr %/day,CR to deploy,peak CR sec,CR loss/sec,supplies/rec,supplies/mo,c/s,c/f,f/s,f/f,crew/s,crew/f,hints,tags,rarity,breakProb,minPieces,maxPieces,travel drive,number
# Add your ships here. Couple of ships left commented out as reference.,,,,,,,,,,,,,,,,,,,,,,,,,,,,,,,,,,,,,,,,,,,,,,,,,,,,,
# See https://starsector.fandom.com/wiki/Ship_Data_CSV,,,,,,,,,,,,,,,,,,,,,,,,,,,,,,,,,,,,,,,,,,,,,,,,,,,,,
#Onslaught,onslaught,Линкор,Низкие технологии,burndrive,28,20000,1750,17000,15000,600,360,,25,10,10,4,4,3500,FRONT,,180,0.4,1,,,750,1500,300,400,15,27,7,350000,3,12,720,0.25,40,40,,,,,,,,"rare_bp, merc",,0.4,2,4,,500
#,module_bastion_pd1,Бастион ПВО 1,,flarelauncher_active,1,3000,500,1250,3500,140,44,0,0,0,0,10,10,240,FRONT,,170,0.4,0.8,,,0,0,0,0,1,0,,500000,,1,,,0,0,,,,,,,"UNBOARDABLE, HIDE_IN_CODEX",,,0.5,2,2,,2050
Cerberus (DS),ls_looted_cerberus_ds,Трофейная канонерка,Смерточерепа,ls_ere_we_go,5,2500,400,1500,1875,150,55,,110,100,75,60,120,350,FRONT,,120,0.5,1,,,20,50,100,40,1,40,10,10000,8,10,240,0.25,4,4,25,100,,,,,,ls_ds_bp,,0.3,2,2,,1000
Laberus (DS),ls_laberus_ds,Трофейный фрегат,Смерточерепа,ls_reactor_boosta,5,2000,400,2000,1875,150,50,,110,100,75,60,120,350,FRONT,,180,0.5,1,,,20,50,80,40,1,40,10,10000,8,10,240,0.25,4,4,25,100,,,,,,ls_ds_bp,,0.3,2,2,,1002
Mudskipper (DS),ls_mudskipper_ds,Трофейная канонерка,Смерточерепа,ls_redbutton,3,1000,150,750,938,75,25,,90,80,50,45,60,250,NONE,,0,0,0,,,5,100,70,40,1,40,9,3000,5,10,180,0.25,2,2,35,70,,,50,100,,ls_ds_bp,,0.5,2,2,,1003
Brawler (DS),ls_brawler_ds,Трофейная канонерка,Смерточерепа,ls_dakka,7,2000,450,3000,3125,250,50,,100,180,120,60,120,300,FRONT,,270,0.4,0.8,,,15,30,40,20,1,20,9,12000,8,10,300,0.25,5,5,,,,,,,,ls_ds_bp,,0.4,2,2,,207
Wayfarer (DS),ls_wayfarer_ds,Трофейный авианосец,Смерточерепа,flarelauncher,7,2000,250,1600,1500,120,55,1,120,105,70,45,90,300,OMNI,,120,0.4,1,,,35,50,40,40,1,40,10,22000,8,10,240,0.25,6,6,30,,,,,,CARRIER,ls_ds_bp,,0.5,2,2,,221
Shootaskipper (DS),ls_shoota_skipper_ds,Мега-файта,Смерточерепа,ls_reactor_boosta,6,1500,300,2000,,150,45,,130,120,70,60,90,275,FRONT,,180,0.4,0.8,,,5,30,30,25,1,25,10,12000,8,20,180,0.25,4,4,,,,,,,,ls_ds_bp,,0.5,2,3,,222
Centurion (DS),ls_centurion_ds,Трофейный тяжёлый фрегат,Смерточерепа,damper,7,2250,500,2200,2188,175,60,,120,110,90,40,80,325,OMNI,,180,0.4,0.8,,,30,50,50,25,1,25,10,20000,8,10,240,0.25,5,5,,,,,,,,ls_ds_bp,,0.4,2,4,,219
,,,,,,,,,,,,,,,,,,,,,,,,,,,,,,,,,,,,,,,,,,,,,,,,,,,,,
Hammerhead (DS),ls_hammerhead_ds,Трофейный эсминец,Смерточерепа,ls_ere_we_go,10,5000,500,4200,4167,250,95,,90,60,40,30,60,450,FRONT,,300,0.4,0.8,,,50,100,100,60,2,30,9,40000,5,12,360,0.25,10,10,,,,,,,,ls_ds_bp,,0.5,2,3,,300
Mule (DS),ls_mule_ds,Трофейный эсминец,Смерточерепа,ls_redbutton,9,5500,650,3000,2500,200,85,,60,40,20,20,15,550,FRONT,,120,0.4,1,,,40,100,250,80,2,40,9,34000,5,10,420,0.25,8,8,36,125,,,,,,ls_ds_bp,,0.5,2,3,,1001
Tarsus (DS),ls_tarsus_ds,Дакка-авианосец,Смерточерепа,ls_reactor_boosta,8,4250,400,3000,2083,200,65,,45,35,25,25,15,450,FRONT,,120,0.4,1,,,30,80,100,80,3,27,8,18000,5,10,420,0.25,7,7,117,117,,,,,,ls_ds_bp,,0.5,2,3,,1004
Manticore (DS),ls_manticore_ds,Трофейный эсминец,Смерточерепа,ls_dakka,12,5000,750,5500,4167,300,95,,80,70,50,30,50,400,OMNI,,150,0.4,1,,,50,80,80,50,2,25,9,48000,5,12,420,0.25,12,12,,,,,,,,ls_ds_bp,,0.4,2,3,,303.5
Terror (DS),ls_terror_ds,Корабль ужаса,Смерточерепа,ls_ere_we_go,10,5000,600,4000,1833,250,85,1,80,80,60,30,30,500,FRONT,,180,0.4,1,,,100,350,150,60,2,30,10,40000,5,12,420,0.25,11,11,,,,,,,"CARRIER, COMBAT, NO_AUTO_ESCORT",ls_ds_bp,,0.5,2,3,,314
Terror (DS - CV),ls_terror_ds_cv,Корабль ужаса,Смерточерепа,damper,11,4500,500,3000,1833,225,80,2,80,80,60,30,30,500,FRONT,,180,0.4,1,,,100,200,100,60,2,30,10,58000,5,12,420,0.25,15,15,,,,,,,CARRIER,ls_ds_bp,,0.5,2,3,,315
Loota (DS),ls_loota_ds,Эсминец мародеров,Смерточерепа,forgevats,8,4750,450,2700,2083,175,65,1,50,40,25,25,15,500,FRONT,,180,0.4,1,,,80,120,200,90,3,30,9,32000,5,10,420,0.25,7,7,117,117,,,,,,ls_ds_bp,,0.5,2,3,,1004
Kill Bursta (DS),ls_kill_bursta_ds,Осадная мортира,Смерточерепа,ls_plough_them,14,6500,800,5500,,350,95,,60,50,40,30,35,600,FRONT,,210,0.4,0.8,,,60,150,150,120,3,40,9,95000,5,15,420,0.25,18,18,,,,,,,SHIP_WITH_MODULES,rare_bp,0.2,0.5,2,3,,1005
Bursta Prow,ls_bursta_prow,Бронированный нос,Смерточерепа,,1,4000,1250,1000,,10,0,,0,0,0,10,10,1200,FRONT,,0,0,0,,,0,0,0,0,1,0,,500000,,1,420,0.25,0,0,,,,,,,"UNBOARDABLE, HIDE_IN_CODEX",,,0.5,2,4,,2103
,,,,,,,,,,,,,,,,,,,,,,,,,,,,,,,,,,,,,,,,,,,,,,,,,,,,,
Mora (DS),ls_mora_ds,Трофейный боевой авианосец,Смерточерепа,damper,15,10000,1250,4000,4000,200,130,3,45,20,10,10,10,2000,FRONT,,180,0.4,1,,,200,300,100,60,4,15,8,125000,4,12,420,0.25,20,20,,,,,,,"CARRIER, COMBAT, NO_AUTO_ESCORT",ls_ds_bp,,0.4,2,3,,1005
Venture (DS),ls_venture_ds,Трофейный крейсер,Смерточерепа,ls_ere_we_go,12,12000,1250,8000,6000,400,125,,40,15,10,12,6,2000,FRONT,,180,0.4,1,,,80,300,500,180,3,60,8,95000,5,10,540,0.25,16,16,,,,,,,,ls_ds_bp,,0.4,2,3,,1006
Eagle (DS),ls_eagle_ds,Трофейный крейсер,Смерточерепа,ls_reactor_boosta,14,8000,1000,11000,14000,700,155,,60,40,30,15,20,1350,FRONT,,270,0.4,0.8,,,150,250,150,100,3,33,8,100000,3,12,480,0.25,20,20,,,,,,,,ls_ds_bp,,0.5,2,4,,401
Mega Bommer (DS),ls_megabommer_ds,Мега-бомбардировщик,Смерточерепа,ls_bomming_run,16,11000,1200,10000,,650,150,,60,30,25,12,15,1800,FRONT,,210,0.4,0.8,,,100,250,200,200,4,50,8,120000,4,12,480,0.25,24,24,,,,,,,,ls_ds_bp,,0.5,2,4,,402
,,,,,,,,,,,,,,,,,,,,,,,,,,,,,,,,,,,,,,,,,,,,,,,,,,,,,
Tur (DS),ls_tur_ds,Мек-джанка,Смерточерепа,ls_redbutton,6,1800,400,2500,,200,55,,100,100,75,50,120,350,FRONT,,180,0.4,0.8,,,15,40,75,35,1,35,10,9000,5,10,240,0.25,5,5,25,100,,,,,,ls_ds_bp,,0.3,2,2,,1007
Mek Box (DS),ls_mek_box_ds,Мек-коробка,Смерточерепа,reservewing,10,4000,400,3500,,250,85,1,75,50,30,30,60,400,OMNI,,180,0.4,0.8,,,60,120,150,80,2,40,9,36000,4,8,360,0.25,10,10,28,125,,,,,"CARRIER, COMBAT, NO_AUTO_ESCORT",ls_ds_bp,,0.6,2,3,,305
Heron (DS),ls_heron_ds,Мек-круза,Смерточерепа,ls_redbutton,14,5500,750,8000,,400,130,,80,60,40,20,25,900,FRONT,,180,0.5,0.8,,,100,200,150,120,3,40,9,90000,5,10,420,0.25,20,20,,,,,,,,ls_ds_bp,,0.3,2,3,,1009
Yaroudomo,ls_yaroudomo,Мек-ззаппа,Смерточерепа,emp,6,2000,100,2500,,180,50,,200,200,175,60,160,200,OMNI,,180,0.4,0.8,,,10,20,30,20,1,20,10,18000,10,20,240,0.25,6,6,,,,0.5,2,2,,ls_ds_bp,,0.3,2,3,,1215
,,,,,,,,,,,,,,,,,,,,,,,,,,,,,,,,,,,,,,,,,,,,,,,,,,,,,
Space Hulk (DS),ls_hulk_ds,Громада,Смерточерепа,ls_ere_we_go,30,24000,1500,16000,,550,360,3,25,10,10,10,4,4000,FRONT,,180,0.4,1,,,800,1600,500,400,15,27,7,400000,3,12,720,0.25,50,50,,,,,,,"CARRIER, COMBAT, NO_AUTO_ESCORT",rare_bp,,0.4,2,4,,1010
Star Krumpa (DS),ls_star_krumpa_ds,Боевой круза,Смерточерепа,ls_redbutton,27,18000,1400,18000,,750,300,,55,35,25,15,10,3200,OMNI,,150,0.4,1,,,600,1400,350,400,15,27,8,320000,3,12,720,0.25,40,40,,,,,,,,rare_bp,,0.4,2,4,,1011
,,,,,,,,,,,,,,,,,,,,,,,,,,,,,,,,,,,,,,,,,,,,,,,,,,,,,
Smol Rok (DS),ls_smol_rok_ds,Рок,Смерточерепа,ls_redbutton,6,3500,300,2500,,200,45,,100,80,60,40,60,750,NONE,,0,0,0,,,20,80,50,30,1,30,9,12000,8,10,300,0.25,4,4,,,,,,,,ls_ds_bp,,0.9,2,6,,2102
Rok (DS),ls_rok_ds,Рок,Смерточерепа,ls_rok_boosta,14,10000,100,3000,,200,60,,10,10,5,8,4,3000,NONE,,0,0,0,,,200,400,200,90,3,30,7,85000,4,12,540,0.25,15,15,,,,,,,SHIP_WITH_MODULES,ls_ds_bp,,0.9,3,6,,2103
Rok Right Side (DS),ls_rok_ds_right,,Смерточерепа,ls_dakka,1,3200,700,3000,5000,250,50,,0,0,0,10,10,300,NONE,,0,0,0,,,0,0,0,0,1,0,,500000,,1,540,0.25,0,0,,,,,,,"UNBOARDABLE, HIDE_IN_CODEX",,,0.5,2,2,,2103
Rok Left Side (DS),ls_rok_ds_left,,Смерточерепа,ls_dakka,1,3000,900,3000,5000,250,50,,0,0,0,10,10,300,NONE,,0,0,0,,,0,0,0,0,1,0,,500000,,1,540,0.25,0,0,,,,,,,"UNBOARDABLE, HIDE_IN_CODEX",,,0.5,2,2,,2103
Big Rok (DS),ls_big_rok_ds,Рок,Смерточерепа,ls_rok_boosta,17,18000,100,3000,,250,75,1,5,8,4,5,3,4000,NONE,,0,0,0,,,300,600,200,150,4,37,7,135000,4,12,540,0.25,24,24,,,,,,,SHIP_WITH_MODULES,ls_ds_bp,,0.9,2,6,,2103
Big Rok Left Module (DS),ls_big_rok_ds_left,,Смерточерепа,ls_dakka,1,5000,1250,4000,,200,55,,0,0,0,10,10,700,NONE,,0,0,0,,,0,0,0,0,1,0,,500000,,1,540,0.25,0,0,,,,,,,"UNBOARDABLE, HIDE_IN_CODEX",,,,,,,2103
Big Rok Right Module (DS),ls_big_rok_ds_right,,Смерточерепа,ls_dakka,1,6500,1500,5000,,250,70,,0,0,0,10,10,500,NONE,,0,0,0,,,0,0,0,0,1,0,,500000,,1,540,0.25,0,0,,,,,,,"UNBOARDABLE, HIDE_IN_CODEX",,,,,,,2103
Stompa Factory,ls_stompa_factory,Рок,Смерточерепа,ls_rok_boosta,28,20000,200,7000,,400,150,2,5,5,3,4,2,6000,NONE,,0,0,0,,,750,1600,550,360,18,20,7,350000,4,12,720,0.25,50,50,,,,,,,SHIP_WITH_MODULES,,,0.9,2,6,,2103
Roky Engine L (DS),ls_stompa_factory_l,,Смерточерепа,reservewing,1,6000,200,3000,,150,55,1,0,0,0,10,10,700,NONE,,0,0,0,,,0,0,0,0,1,0,,500000,,1,720,0.25,0,0,,,,,,,"UNBOARDABLE, HIDE_IN_CODEX",,,0.5,2,2,,2103
Roky Engine R (DS),ls_stompa_factory_r,,Смерточерепа,ls_dakka,1,5000,200,3000,,200,50,,0,0,0,10,10,700,NONE,,0,0,0,,,0,0,0,0,1,0,,500000,,1,720,0.25,0,0,,,,,,,"UNBOARDABLE, HIDE_IN_CODEX",,,0.5,2,2,,2103
Gunz Module,ls_stompa_factory_f,,Смерточерепа,ls_dakka,1,3500,900,4000,5000,250,50,,0,0,0,10,10,350,FRONT,,180,0.3,0.8,,,0,0,0,0,1,0,,500000,,1,720,0.25,0,0,,,,,,,"UNBOARDABLE, HIDE_IN_CODEX",,,0.5,2,2,,2103
Parked Stompa,ls_stompa_factory_stompa_1,,Смерточерепа,,1,3000,400,3000,,300,0,,0,0,0,10,10,350,NONE,,0,0,0,,,0,0,0,0,1,0,,500000,,1,720,0.25,0,0,,,,,,,"UNBOARDABLE, HIDE_IN_CODEX",,,0.5,2,2,,2103
Parked Stompa,ls_stompa_factory_stompa_2,,Смерточерепа,,1,3000,400,3000,,300,0,,0,0,0,10,10,350,NONE,,0,0,0,,,0,0,0,0,1,0,,500000,,1,720,0.25,0,0,,,,,,,"UNBOARDABLE, HIDE_IN_CODEX",,,0.5,2,2,,2103
,,,,,,,,,,,,,,,,,,,,,,,,,,,,,,,,,,,,,,,,,,,,,,,,,,,,,
Attack Fighta (DS),ls_attack_fighta_ds,Штурмовой истребитель,Смерточерепа,,,300,50,100,,20,0,,300,450,400,90,200,35,NONE,,0,0,0,,,1,1,,,,,,,,,,,,,,,,,,,,,,0,,,,104
Fighta Bomma (DS),ls_fighta_bomma_ds,Истребитель-бомбардировщик,Смерточерепа,,,600,75,150,,25,,,200,350,300,75,140,40,NONE,,0,0,0,,,1,1,,,,,,,,,,,,,,,,,,,,,,0,,,,104
Killa Kan (DS),ls_kan_ds,Кан,Смерточерепа,ls_dakka,,500,125,400,,40,,,180,200,150,90,100,40,NONE,,0,0,0,,,1,1,,,,,,,,,,,,,,,,,,,,,,0,,,,104
Klaw Kan (DS),ls_klawkan_ds,Кан,Смерточерепа,flarelauncher_fighter,,500,125,400,,40,,,180,200,150,90,100,40,NONE,,0,0,0,,,1,1,,,,,,,,,,,,,,,,,,,,,,0,,,,104
Drilla Kan (DS),ls_drilla_kan_ds,Кан,Смерточерепа,flarelauncher_fighter,,550,150,500,,50,,,180,200,150,90,100,40,NONE,,0,0,0,,,1,1,,,,,,,,,,,,,,,,,,,,,,0,,,,104
Трофейная горнодобывающая капсула,ls_miningpod,Капсула,Орочий,,,600,150,300,,150,0,,140,75,75,45,90,50,NONE,,0,0,0,,,0,0,,,,,,,,,,,,,,,,,,,,,,0,,,,108
Bomma (DS),ls_bomma_ds,Бомбардировщик,Смерточерепа,,,1000,150,300,,50,,,150,180,150,90,120,65,NONE,,0,0,0,,,3,3,,,,,,,,,,,,,,,,,,,,,,0,,,,108
Landa,ls_landa,Ланда,Орочий,flarelauncher_fighter,,1200,300,300,,50,0,,150,120,90,60,90,80,NONE,,0,0,0,,,4,4,,,,,,,,,,,,,,,,,,,,,,,,,,
Deff Dread (DS),ls_deff_dread_ds,Дефф-дред,Смерточерепа,flarelauncher_fighter,,950,275,1200,,150,,,165,160,150,75,80,75,NONE,,0,0,0,,,1,1,,,,,,,,,,,,,,,,,,,,,,,,,,
,,,,,,,,,,,,,,,,,,,,,,,,,,,,,,,,,,,,,,,,,,,,,,,,,,,,,
#Mycojar,myco_jar,Банка,Виб,ls_redbutton,28,25000,2000,17000,15000,600,360,,100,10,10,4,4,5000,NONE,,,,,,,1,1500,1,1,15,27,7,350000,3,12,720,0.25,40,40,,,,,,,,"rare_bp, merc",,0.4,2,6,,1
,,,,,,,,,,,,,,,,,,,,,,,,,,,,,,,,,,,,,,,,,,,,,,,,,,,,,
#Bad Moons,,,,,,,,,,,,,,,,,,,,,,,,,,,,,,,,,,,,,,,,,,,,,,,,,,,,,
Wolf (BM),ls_wolf_bm,Трофейный фрегат,Дурные Луны,ls_tellyporta,5,1500,150,2250,1875,150,55,,150,130,100,60,120,200,FRONT,,150,0.4,0.7,,,15,30,50,20,1,20,10,13500,10,20,180,0.25,5,5,,,,,,,,ls_bm_bp,,0.5,2,2,,200
Wayfarer (BM),ls_wayfarer_bm,Бласта-авианосец,Дурные Луны,ls_blasta_overdrive,6,2000,250,2000,1500,180,50,,120,105,70,45,90,300,OMNI,,120,0.4,1,,,20,50,40,40,1,40,10,19000,8,10,240,0.25,6,6,30,,,,,,,ls_bm_bp,,0.5,2,2,,221
Bromen (BM),ls_bromen_bm,Меха-фрегат,Дурные Луны,ls_zzap_field,7,2000,400,3000,3125,250,60,,100,180,120,60,120,250,FRONT,,210,0.3,1,,,15,30,40,20,1,20,9,21000,8,10,300,0.25,7,7,,,,,,,,ls_bm_bp,,0.4,2,2,,207
Centurion (BM),ls_centurion_bm,Трофейный тяжёлый фрегат,Дурные Луны,ls_targetting_squig,7,2250,500,2200,2188,175,60,,120,110,90,40,80,325,OMNI,,180,0.4,0.8,,,30,50,50,25,1,25,10,20000,8,10,240,0.25,5,5,,,,,,,,ls_bm_bp,,0.4,2,4,,219
Apeiron (BM),ls_aperion_bm,Мека-мега-канонерка,Дурные Луны,ls_snazzy_tellyporta,13,2800,400,6000,6250,400,65,,110,155,120,45,90,250,FRONT,,270,0.5,1,,,5,15,10,15,1,15,10,80000,8,40,150,0.25,14,14,,,,,,,,rare_bp,0.5,0.75,2,2,,202
Basilisk (BM),ls_basilisk_bm,Мека-тяжелый фрегат,Дурные Луны,ls_temporal_forcefield,9,2400,400,3600,3767,280,65,,100,110,90,50,100,300,OMNI,,180,0.4,1,,,25,40,50,30,1,30,10,52000,8,25,300,0.25,9,9,,,,,,,,rare_bp,0.2,0.65,2,4,,777776
Glimmer (BM),ls_glimmer_bm,Трофейный дронокорабль,Дурные Луны,ls_blasta_overdrive,7,1500,250,2500,3125,250,50,,130,250,200,90,270,200,OMNI,,150,0.4,0.7,,,5,10,50,40,1,40,11,30000,5,10,360,0.25,5,5,,,,,,,,ls_bm_bp,,0.5,2,2,,227
Squighawk (BM),ls_squighawk_bm,Тяжелая канонерка,Дурные Луны,ls_snazzy_boosta,7,2200,300,2400,,200,55,,135,200,150,50,100,300,FRONT,,180,0.4,0.7,,,25,50,40,30,1,30,10,21000,8,10,300,0.25,6,6,,,,,,,,ls_bm_bp,,0.5,2,2,,227
Krima (BM),ls_krima_bm,Меха-канонерка,Дурные Луны,ls_tellyporta,8,2000,300,3250,,275,65,,130,180,120,60,120,275,FRONT,,210,0.4,1,,,15,30,30,30,1,30,10,55000,8,25,240,0.25,8,8,,,,,,,,rare_bp,0.2,0.5,2,2,,227
,,,,,,,,,,,,,,,,,,,,,,,,,,,,,,,,,,,,,,,,,,,,,,,,,,,,,
Mule (BM),ls_mule_bm,Трофейный эсминец,Дурные Луны,ls_redbutton,9,5500,650,3000,2500,200,85,,60,40,20,20,15,550,FRONT,,120,0.4,1,,,40,100,250,80,2,40,9,34000,5,10,420,0.25,8,8,36,125,,,,,,ls_bm_bp,,0.5,2,3,,1001
Onihime (BM),ls_onihime_bm,Супа-дестроя,Дурные Луны,ls_snazzy_tellyporta,14,5000,400,6500,,400,100,,100,70,50,40,80,450,OMNI,,180,0.4,0.8,,,50,100,80,60,2,30,10,100000,5,15,420,0.25,18,18,,,,,,,,rare_bp,0.5,0.4,2,4,,1008
Gold Tooth (BM),ls_gold_tooth_bm,Габбин-авианосец,Дурные Луны,damper,10,5000,600,2400,2500,120,60,2,55,35,20,20,15,500,OMNI,,120,0.4,1,,,90,180,300,80,2,40,9,42000,5,10,420,0.25,12,12,36,125,,,,,CARRIER,ls_bm_bp,,0.5,2,3,,1001
Stheno (BM),ls_stheno_bm,Мекка-фазовый эсминец,Дурные Луны,ls_phas_engine,13,4500,600,5000,,400,95,,85,80,50,40,100,500,NONE,,,,,,,60,100,100,60,2,30,9,74000,5,20,300,0.25,14,14,,,,,,,,ls_bm_bp,0.2,0.4,2,4,,1008
Mudfish (BM),ls_mudfish_bm,Ломовой эсминец,Дурные Луны,ls_reactor_boosta,10,4500,600,4500,,300,80,,80,70,50,30,60,450,FRONT,,180,0.4,0.8,,,30,70,80,60,2,30,9,48000,5,12,360,0.25,10,10,,,,,,,,ls_bm_bp,0.2,0.4,2,4,,1009
Dazzla (BM),ls_dazzle_bm,Трофейный дронокорабль,Дурные Луны,ls_targetting_squig,12,5000,600,5000,3750,325,100,,75,65,45,30,50,550,OMNI,,150,0.4,0.7,,,5,20,80,60,2,30,10,55000,5,15,420,0.25,11,11,,,,,,,,ls_bm_bp,,0.5,2,3,,317
,,,,,,,,,,,,,,,,,,,,,,,,,,,,,,,,,,,,,,,,,,,,,,,,,,,,,
Moonfang (BM),ls_moonfang_bm,Мека-круза,Дурные Луны,ls_snazzy_boosta,14,5200,700,9000,12000,600,130,,80,80,70,30,60,625,OMNI,,210,0.3,0.8,,,60,150,80,80,3,27,9,100000,4,12,420,0.25,20,20,,,,,,,,ls_bm_bp,,0.7,2,3,,415
Flashblasta (BM),ls_flashblasta_bm,Тяжелый круза,Дурные Луны,ls_blasta_overdrive,16,10000,1100,12000,16000,700,160,,50,35,20,15,12,1800,OMNI,,180,0.4,0.7,,,80,200,150,90,3,30,8,175000,4,20,480,0.25,28,28,,,,,,,,ls_bm_bp,,0.6,2,3,,405
Venture (BM),ls_venture_bm,Трофейный круза,Дурные Луны,ls_targetting_squig,13,12000,1250,8000,6000,400,135,1,40,15,10,12,6,2000,OMNI,,120,0.4,1,,,80,300,500,180,3,60,8,98000,5,10,540,0.25,18,18,,,,,,,,ls_bm_bp,,0.4,2,3,,1006
Paramork (BM),ls_paramork_bm,Тяжелый карриер,Дурные Луны,ls_eyez_in_da_sky,15,10000,1400,8000,,500,140,3,5,8,4,5,5,1200,OMNI,,210,0.4,0.7,,,200,350,200,160,4,40,8,140000,4,15,540,0.25,24,24,,,,,,,"SHIP_WITH_MODULES, CARRIER, COMBAT",ls_bm_bp,,0.9,2,6,,2103
Левый двигатель Параморка,ls_paramork_engine_l,,Дурные Луны,,1,3000,1000,1000,5000,50,0,,0,0,0,0,0,600,NONE,,0,0,0,,,0,0,0,0,1,0,,500000,,1,540,0.25,0,0,,,,,,,"UNBOARDABLE, HIDE_IN_CODEX",,,0.5,2,2,,2104
Правый двигатель Параморка,ls_paramork_engine_r,,Дурные Луны,,1,3000,1000,1000,5000,50,0,,0,0,0,0,0,600,NONE,,0,0,0,,,0,0,0,0,1,0,,500000,,1,540,0.25,0,0,,,,,,,"UNBOARDABLE, HIDE_IN_CODEX",,,0.5,2,2,,2105
,,,,,,,,,,,,,,,,,,,,,,,,,,,,,,,,,,,,,,,,,,,,,,,,,,,,,
Snazzdreg (BM),ls_Snazdreg_bm,Боевой круза,Дурные Луны,ls_glitta_drive,27,16500,1250,15000,25000,1000,290,2,50,35,25,10,12,2900,OMNI,,180,0.3,1,,,500,1000,500,500,10,50,8,345000,4,20,600,0.25,45,45,,,,,,,,rare_bp,,0.6,2,4,,505
Paragork (BM),ls_paragork_bm,Линкор,Дурные Луны,ls_ard_field_system,29,17000,1400,22000,31250,1200,345,1,30,20,12,8,8,3300,OMNI,,360,0.5,0.8,,,400,1000,600,500,10,30,7,475000,4,20,720,0.25,55,55,,,,,,,,rare_bp,,0.6,2,4,,504
,,,,,,,,,,,,,,,,,,,,,,,,,,,,,,,,,,,,,,,,,,,,,,,,,,,,,
Blasta Pod (BM),ls_blasta_pod_bm,Бласта-капсула,Дурные Луны,,,250,25,100,,10,,,180,200,200,90,180,15,NONE,,,,,,,0,0,,,,,,,,,,,,,,,,,,,,,,0,,,,4
Attack Fighta (BM),ls_attack_fighta_bm,Штурмовой истребитель,Дурные Луны,,,350,50,100,,20,0,,280,425,375,90,200,35,NONE,,0,0,0,,,1,1,,,,,,,,,,,,,,,,,,,,,,0,,,,104
Fighta Bomma (BM),ls_fighta_bomma_bm,Истребитель-бомбардировщик,Дурные Луны,,,550,75,200,,25,,,180,325,275,75,140,40,NONE,,0,0,0,,,1,1,,,,,,,,,,,,,,,,,,,,,,0,,,,105
Killa Kan (BM),ls_kan_bm,Кан,Дурные Луны,flarelauncher_fighter,,500,100,500,,50,,,180,200,150,90,100,40,NONE,,0,0,0,,,1,1,,,,,,,,,,,,,,,,,,,,,,,,,,
Deff Dread (BM),ls_deff_dread_bm,Дефф-дред,Дурные Луны,ls_blasta_overdrive,,850,225,1600,,175,,,170,160,150,80,80,75,NONE,,0,0,0,,,1,1,,,,,,,,,,,,,,,,,,,,,,,,,,
,,,,,,,,,,,,,,,,,,,,,,,,,,,,,,,,,,,,,,,,,,,,,,,,,,,,,
#Evil Sunz,,,,,,,,,,,,,,,,,,,,,,,,,,,,,,,,,,,,,,,,,,,,,,,,,,,,,
Lasher (ES),ls_lasher_es,Трофейный фрегат,Злые Солнца,ls_ere_we_go,5,1750,275,2100,1750,140,60,,120,110,90,60,90,200,FRONT,,210,0.4,1,,,25,50,40,25,1,25,10,9000,8,10,240,0.25,4,4,,,,,,,,ls_es_bp,,0.4,2,2,,204
Kite (ES),ls_kite_es,Трофейный штурмовой шаттл,Злые Солнца,ls_redbutton,3,1000,150,1600,1000,100,30,,140,150,75,45,85,120,OMNI,,150,0.5,0.8,,,2,30,30,15,1,15,10,4000,5,20,180,0.25,3,3,,,,,,,,ls_es_bp,,0.75,2,2,,217
Shade (ES),ls_shade_es,Трофейный фазовый фрегат,Злые Солнца,ls_phas_engine,9,1900,450,2200,3750,280,45,,165,120,100,60,120,200,NONE,,0,0,0,,,10,15,25,50,1,50,10,40000,10,30,180,0.25,8,8,,,,,,,,ls_es_bp,,0.5,2,2,,211
Squig Hound (ES),ls_hound_es,Трофейный таранный шаттл,Злые Солнца,ls_drilla_drive,3,2000,400,750,1250,100,30,,180,175,100,90,120,280,NONE,,0,0,0,,,10,40,60,30,1,30,10,7000,5,10,240,0.25,3,3,25,75,,,,,,ls_es_bp,,0.4,2,2,,201
Dram (ES),ls_dram_es,Трофейный авианосец-заправщик,Злые Солнца,ls_fly_waaagh,7,1000,300,1500,1250,100,35,1,120,70,50,30,60,200,OMNI,,90,0.5,1.2,,,25,60,15,80,1,80,10,11000,8,20,180,0.25,6,6,,,150,300,,,CARRIER,ls_es_bp,,0.7,2,4,,209
Krima (ES),ls_krima_es,Меха-канонерка,Злые Солнца,ls_reactor_boosta,8,2000,350,3250,,275,65,,130,180,120,60,120,275,FRONT,,210,0.4,1,,,15,30,30,30,1,30,10,50000,8,25,240,0.25,8,8,,,,,,,,rare_bp,0.2,0.5,2,2,,227
,,,,,,,,,,,,,,,,,,,,,,,,,,,,,,,,,,,,,,,,,,,,,,,,,,,,,
Gyarammu (ES),ls_miko_es,Супа-дестроя,Злые Солнца,ls_redbutton,13,6000,300,7000,,500,100,,95,100,80,75,100,450,OMNI,,180,0.3,0.8,,,35,60,80,60,2,30,10,120000,5,15,420,0.25,18,18,,,,,,,,rare_bp,0.5,0.4,2,4,,1009
Phaeton (ES),ls_phaeton_es,Трофейный тяжелый эсминец,Злые Солнца,ls_reactor_boosta,12,6000,500,4800,2500,300,95,1,70,40,30,25,15,500,OMNI,,120,0.5,1,,,40,100,100,200,2,100,9,42000,5,12,420,0.25,11,11,,,200,400,,,"CARRIER, COMBAT, NO_AUTO_ESCORT",ls_es_bp,,0.75,3,4,,311
Shokk Scrapjet (Es),ls_scrapjet_es,Лом-дестроя,Злые Солнца,ls_bomming_run,10,3600,500,4500,,300,80,,110,80,60,40,80,400,FRONT,,180,0.3,0.8,,,30,60,60,100,2,50,10,36000,5,15,420,0.25,9,9,,,,,,,,ls_es_bp,,0.5,2,3,,312
Gouga (ES),ls_drilla_es,Ломовой таран,Злые Солнца,ls_drilla_drive,10,5500,900,3500,,250,80,,105,90,40,35,70,600,NONE,,0,0,0,,,30,80,80,80,2,40,10,39000,5,12,420,0.25,10,10,,,,,,,,ls_es_bp,,0.5,2,3,,313
Terror (ES),ls_terror_es,Корабль ужаса,Злые Солнца,ls_ere_we_go,10,5000,500,3500,1833,250,85,1,80,80,60,30,30,500,FRONT,,180,0.4,1,,,100,350,150,60,2,30,10,40000,5,12,420,0.25,11,11,,,,,,,"CARRIER, COMBAT, NO_AUTO_ESCORT",ls_es_bp,,0.5,2,3,,314
Terror (ES - CV),ls_terror_es_cv,Корабль ужаса,Злые Солнца,ls_fly_waaagh,11,4500,450,3000,1833,225,80,2,80,80,60,30,30,500,FRONT,,180,0.4,1,,,100,200,100,60,2,30,10,58000,5,12,420,0.25,15,15,,,,,,,CARRIER,ls_es_bp,,0.5,2,3,,315
Hellsquig (ES),ls_hellsquig_es,Мекка-эсминец,Злые Солнца,ls_snazzy_boosta,12,4250,600,5000,,300,100,,90,80,80,40,80,550,FRONT,,210,0.4,0.8,,,40,80,80,90,3,30,10,65000,5,15,420,0.25,13,13,,,,,,,,ls_es_bp,,0.5,2,3,,316
,,,,,,,,,,,,,,,,,,,,,,,,,,,,,,,,,,,,,,,,,,,,,,,,,,,,,
Flame Rumbla (ES),ls_flame_rumbla_es,Лом-круза,Злые Солнца,ls_ere_we_go,14,10000,1100,10000,,500,105,1,50,20,15,12,10,1800,FRONT,,180,0.4,1,,,120,300,300,500,4,125,8,110000,4,10,540,0.25,18,18,,,,,,,"CARRIER, COMBAT, NO_AUTO_ESCORT",ls_es_bp,,0.4,2,3,,1006
Eagle (ES),ls_eagle_es,Террор-круза,Злые Солнца,ls_fly_waaagh,15,7500,800,11000,14000,700,145,2,60,40,30,15,20,1300,FRONT,,180,0.4,0.8,,,180,300,150,100,3,33,9,125000,3,12,480,0.25,22,22,,,,,,,"CARRIER, COMBAT, NO_AUTO_ESCORT",ls_es_bp,,0.5,2,4,,401
Smash Hamma (ES),ls_smash_hamma_es,Лом-круза,Злые Солнца,ls_reactor_boosta,16,9000,1000,10000,11000,550,150,,70,40,30,15,20,1400,FRONT,,180,0.4,1,,,200,300,150,150,4,38,9,120000,4,12,480,0.25,24,24,,,,,,,,ls_es_bp,,0.5,2,4,,401.5
,,,,,,,,,,,,,,,,,,,,,,,,,,,,,,,,,,,,,,,,,,,,,,,,,,,,,
Skarfist (ES),ls_skarfist_es,Карманный боевой круза,Злые Солнца,ls_reactor_boosta,20,12000,1250,12000,,500,210,2,55,30,20,15,10,2800,FRONT,,180,0.4,1,,,250,400,400,500,10,50,8,180000,3,15,720,0.25,28,28,,,,,,,"CARRIER, COMBAT, NO_AUTO_ESCORT",rare_bp,,0.5,2,4,,512
Star Krumpa (ES),ls_star_krumpa_es,Боевой круза,Злые Солнца,ls_redbutton,27,18000,1400,18000,,750,300,1,55,35,25,15,10,3200,OMNI,,150,0.4,1,,,600,1400,350,400,15,27,8,320000,3,12,720,0.25,40,40,,,,,,,,rare_bp,,0.4,2,4,,1011
,,,,,,,,,,,,,,,,,,,,,,,,,,,,,,,,,,,,,,,,,,,,,,,,,,,,,
Attack Fighta (ES),ls_attack_fighta_es,Штурмовой истребитель,Злые Солнца,,,300,40,100,,20,0,,300,450,400,90,200,35,NONE,,0,0,0,,,1,1,,,,,,,,,,,,,,,,,,,,,,0,,,,104
Fighta Bomma (ES),ls_fighta_bomma_es,Истребитель-бомбардировщик,Злые Солнца,,,500,60,150,,25,,,200,400,300,90,140,40,NONE,,0,0,0,,,1,1,,,,,,,,,,,,,,,,,,,,,,0,,,,104
Killa Kan (ES),ls_kan_es,Кан,Злые Солнца,flarelauncher_fighter,,500,125,400,,40,,,180,200,150,90,100,40,NONE,,0,0,0,,,1,1,,,,,,,,,,,,,,,,,,,,,,0,,,,104
Blitza Bomma (ES),ls_blitza_bomma_es,Блица-бомбардировщик,Злые Солнца,ls_uh_oh,,500,75,200,,25,,,200,350,250,80,120,40,NONE,,0,0,0,,,1,1,,,,,,,,,,,,,,,,,,,,,,0,,,,104
Drilla Killa (ES),ls_drillakilla_es,Буровой аппарат,Злые Солнца,ls_uh_oh,,650,125,300,,50,,,200,300,250,75,120,50,NONE,,0,0,0,,,1,1,,,,,,,,,,,,,,,,,,,,,,0,,,,104
Deff Dread (ES),ls_deff_dread_es,Дефф-дред,Злые Солнца,ls_reactor_boosta,,900,250,1200,,150,,,185,180,150,90,90,75,NONE,,0,0,0,,,1,1,,,,,,,,,,,,,,,,,,,,,,,,,,
,,,,,,,,,,,,,,,,,,,,,,,,,,,,,,,,,,,,,,,,,,,,,,,,,,,,,
#Snakebites,,,,,,,,,,,,,,,,,,,,,,,,,,,,,,,,,,,,,,,,,,,,,,,,,,,,,
Scrappa (SB),ls_scrappa_sb,Канонерка,Змеекусы,ls_redbutton,5,2400,400,1800,,150,45,,85,140,100,60,120,250,NONE,,0,0,0,,,15,30,40,20,1,20,9,10000,8,10,300,0.25,4,4,,,,,,,,ls_sb_bp,,0.4,2,2,,207
Sand Condor (SB),ls_sand_condor_sb,Канонерка безумных парней,Змеекусы,ls_eyu,10,2800,500,2400,,200,55,,135,200,150,50,100,350,OMNI,,180,0.4,0.8,,,20,50,40,30,1,30,10,80000,8,15,240,0.25,10,10,,,,,,,,"no_sell, no_dealer, restricted",,0.5,2,2,,227
Smol Rok (SB),ls_rok_sb,Рок,Змеекусы,ls_drilla_drive,4,1800,400,1500,,100,30,,95,120,100,45,90,300,NONE,,0,0,0,,,10,40,50,20,1,20,9,8000,8,10,300,0.25,3,3,,,,,,,SHIP_WITH_MODULES,ls_sb_bp,,0.5,2,2,,227
Smol Rok (SB) Front,ls_rok_sb_front,Рок,Змеекусы,,1,3200,100,0,,0,0,,,,,,,900,NONE,,0,0,0,,,,,,,,,,,,,,,,,,,,,,,HIDE_IN_CODEX,"no_sell, no_dealer, restricted",,0.5,2,3,,227
,,,,,,,,,,,,,,,,,,,,,,,,,,,,,,,,,,,,,,,,,,,,,,,,,,,,,
Spine Rippa (SB),ls_spine_rippa_sb,Лом-дестроя,Змеекусы,ls_ere_we_go,7,3200,450,2550,1667,150,75,,80,60,40,30,35,350,NONE,,0,0,0,,,40,60,40,30,2,15,9,22000,8,10,360,0.25,6,6,,,,,,,,ls_sb_bp,,0.6,2,3,,308
,,,,,,,,,,,,,,,,,,,,,,,,,,,,,,,,,,,,,,,,,,,,,,,,,,,,,
ead' Butta,ls_fighta_sb,Пушечный таран,Змеекусы,ls_uh_oh,,500,80,100,,10,,,180,200,150,70,140,25,NONE,,0,0,0,,,1,1,,,,,,,,,,,,,,,,,,,,,,,,,,104
,,,,,,,,,,,,,,,,,,,,,,,,,,,,,,,,,,,,,,,,,,,,,,,,,,,,,
#Blood Axes,,,,,,,,,,,,,,,,,,,,,,,,,,,,,,,,,,,,,,,,,,,,,,,,,,,,,
Mumba (BA),ls_sunfish_ba,Разведывательный фрегат,Кровавые Топоры,ls_get_dat_git,3,1300,300,1000,1250,100,24,,180,150,150,80,100,140,OMNI,,180,0.4,1,,,2,10,10,20,1,20,10,10000,5,10,240,0.25,3,3,,,,,,,,ls_ba_bp,,0.5,2,2,,224
Gremlin (BA),ls_gremlin_ba,Коммандо-канонерка,Кровавые Топоры,ls_ded_sneaky,7,2800,500,1200,2000,160,40,,90,120,90,45,90,200,NONE,,,,,,,4,10,10,20,1,20,9,28000,10,20,180,0.25,6,6,,,,,,,,ls_ba_bp,,0.5,2,2,,228
Wayfarer (BA),ls_wayfarer_ba,Замаскированная канонерка,Кровавые Топоры,ls_takital_relocation,5,2250,250,1800,1500,140,60,,120,105,70,45,90,300,OMNI,,120,0.4,1,,,25,50,120,40,1,40,10,16000,8,10,240,0.25,5,5,30,,,,,,,ls_ba_bp,,0.5,2,2,,221
Leadbelcha (BA),ls_leadbelcha_ba,Перегруженная канонерка,Кровавые Топоры,ls_dakka,5,1800,400,2000,,150,50,,120,120,90,45,90,180,FRONT,,180,0.4,1.2,,,10,20,20,20,1,20,10,13500,5,10,240,0.25,3,4,,,,,,,,ls_ba_bp,,0.5,2,2,,222
Zagblitz (BA),ls_zagblitz_ba,Меха-фрегат,Кровавые Топоры,ls_redbutton,7,2000,350,2500,2188,200,60,1,135,120,70,40,80,250,OMNI,,150,0.4,0.8,,,15,30,50,25,1,25,10,30000,5,10,210,0.25,7,7,,,,,,,,ls_ba_bp,,0.5,2,2,,222
Back Stabbaz (BA),ls_back_stabbaz_ba,Таранный штурмовик,Кровавые Топоры,ls_drilla_drive,3,1800,500,800,1250,100,35,,150,150,90,100,140,300,NONE,,0,0,0,,,10,20,30,25,1,25,10,6500,5,10,240,0.25,3,3,25,75,,,,,,ls_ba_bp,,0.4,2,2,,201
,,,,,,,,,,,,,,,,,,,,,,,,,,,,,,,,,,,,,,,,,,,,,,,,,,,,,
Nebula (BA),ls_nebula_ba,Замаскированный грузовик,Кровавые Топоры,ls_redbutton,7,3600,300,2500,1700,150,70,,55,35,20,20,12,500,FRONT,,150,0.5,1,,,50,250,200,80,2,40,9,24000,8,20,240,0.25,6,6,,,,,100,200,,ls_ba_bp,,0.5,2,3,,313
Gore Stabba (BA),ls_gore_stabba_ba,Легкий дестроя,Кровавые Топоры,ls_takital_relocation,8,3000,350,3200,,225,85,,100,75,50,40,60,300,FRONT,,180,0.4,1,,,35,70,50,50,2,25,10,25000,5,12,300,0.25,9,9,,,,,,,,ls_ba_bp,,0.5,2,3,,314
Mindaz (BA),ls_escort_karrier,Эскортный карриер,Кровавые Топоры,flarelauncher_active,9,3500,250,2000,1833,100,40,2,50,30,20,20,12,400,OMNI,,120,0.4,1.2,,,100,150,100,40,2,20,9,32000,5,10,360,0.25,10,10,,,,,,,CARRIER,ls_ba_bp,,0.4,2,3,,315
Bloodfang (BA),ls_bloodfang_ba,Коммандо-дестроя,Кровавые Топоры,ls_ded_sneaky,11,4750,750,4200,,275,85,,85,60,35,30,40,550,NONE,,0,0,0,,,40,100,40,20,2,10,10,58000,4,12,300,0.25,12,12,,,,,,,,ls_ba_bp,,0.4,2,3,,316
Bufalo,ls_buffalo_ba,Замаскированный грузовик,Кровавые Топоры,ls_redbutton,6,3000,200,2200,1167,120,35,,50,25,20,15,7,400,OMNI,,120,0.5,1,,,50,200,100,80,2,40,8,22000,5,20,240,0.25,5,5,133,200,,,,,,ls_ba_bp,,0.4,2,3,,316
Orka (BA),ls_orka_ba,Подводный аппарат,Кровавые Топоры,fastmissileracks,13,3500,600,4500,,350,75,,75,60,45,25,25,450,PHASE,phasecloak,90,,,0.03,0.04,30,50,50,50,2,25,10,64000,5,30,300,0.25,14,14,,,,,,,,ls_ba_bp,,0.4,2,3,,316
,,,,,,,,,,,,,,,,,,,,,,,,,,,,,,,,,,,,,,,,,,,,,,,,,,,,,
Falken (BA),ls_falken_ba,Тяжелый легкий круза,Кровавые Топоры,ls_takital_insertion,13,7000,800,7000,8000,400,125,,70,65,45,20,25,700,FRONT,,240,0.4,1,,,120,240,150,100,3,33,9,95000,4,12,480,0.25,18,18,,,,,,,,ls_ba_bp,,0.5,2,3,,400
Gut Blasta (BA),ls_gutblasta_ba,Арсенальный круза,Кровавые Топоры,ls_ere_we_go,16,12000,1200,10000,10000,500,195,,35,20,12,12,12,2100,FRONT,,180,0.4,1,,,200,350,150,150,5,30,8,140000,4,12,540,0.25,28,28,,,,,,,,ls_ba_bp,,0.4,2,3,,401
Gore Slag (BA),ls_gore_slag_ba,Заградительный круза,Кровавые Топоры,ls_launch_everything,14,6000,700,8000,,450,130,,60,50,30,15,20,650,FRONT,,180,0.4,1.2,,,100,250,200,100,3,33,9,100000,4,12,480,0.25,20,20,,,,,,,,ls_ba_bp,,0.4,2,3,,401
,,,,,,,,,,,,,,,,,,,,,,,,,,,,,,,,,,,,,,,,,,,,,,,,,,,,,
Dredslaught (BA),ls_dredslaught_ba,Комманд-дред,Кровавые Топоры,ls_arty_strike,30,20000,1500,16000,,600,320,2,30,10,10,5,5,3400,FRONT,,180,0.4,1,,,800,1600,400,500,15,30,7,380000,3,12,720,0.25,45,45,,,,,,,,rare_bp,,,,,,
,,,,,,,,,,,,,,,,,,,,,,,,,,,,,,,,,,,,,,,,,,,,,,,,,,,,,
Hunta Killa (BA),ls_hunta_killa_ba,Перехватчик,Кровавые Топоры,,,350,50,150,,30,0,,280,450,400,90,200,35,NONE,,0,0,0,,,1,1,,,,,,,,,,,,,,,,,,,,,,,,,,
Blasta Bomma (BA),ls_blasta_bomma,Тяжелый истребитель-бомбардировщик,Кровавые Топоры,ls_dakka,,800,100,500,,50,0,,180,200,150,75,120,50,NONE,,0,0,0,,,2,2,,,,,,,,,,,,,,,,,,,,,,,,,,
Night Squawk (BA),ls_night_squawk_ba,Скрытный файта-бомма,Кровавые Топоры,ls_ded_sneaky_fighter,,500,75,300,,75,,,250,400,350,90,180,40,NONE,,0,0,0,,,1,1,,,,,,,,,,,,,,,,,,,,,,,,,,
Riot Kan (BA),ls_kan_ba,Кан,Кровавые Топоры,flarelauncher_fighter,,550,150,400,,40,,,170,180,150,80,90,40,NONE,,0,0,0,,,1,1,,,,,,,,,,,,,,,,,,,,,,,,,,
Трофейный дрон-терминатор (КТ),ls_looted_terminator,Трофейный дрон,Кровавые Топоры,ls_ramma_drone,,500,100,200,,50,,,300,400,400,200,400,5,NONE,,360,0,1,,,0,0,,,,,,,,,,,,,,,,,,,,,,0,,,,4
Deff Dread (BA),ls_deff_dread_ba,Канмандо,Кровавые Топоры,ls_ded_sneaky_fighter,,900,225,1200,,150,,,170,160,150,75,80,75,NONE,,0,0,0,,,1,1,,,,,,,,,,,,,,,,,,,,,,,,,,
,,,,,,,,,,,,,,,,,,,,,,,,,,,,,,,,,,,,,,,,,,,,,,,,,,,,,
Brute (Goff),ls_brute_go,Таранный штурмовик,Гоффы,ls_drilla_drive,,1900,650,800,1250,100,35,,135,140,90,100,140,350,NONE,,,,,,,5,10,20,20,1,20,10,7500,5,10,240,0.25,3,3,,,,,,,,ls_go_bp,,0.5,2,3,,
,,,,,,,,,,,,,,,,,,,,,,,,,,,,,,,,,,,,,,,,,,,,,,,,,,,,,
Bone Breka (Goff),ls_bone_breaka_go,Штурмовой дестроя,Гоффы,ls_drilla_drive,,6000,1000,3250,,225,80,,95,85,35,30,65,700,NONE,,0,,,,,25,75,80,40,2,20,9,32500,5,12,420,0.25,10,10,,,,,,,,ls_go_bp,,0.5,2,3,,
,,,,,,,,,,,,,,,,,,,,,,,,,,,,,,,,,,,,,,,,,,,,,,,,,,,,,
#Stompa,,,,,,,,,,,,,,,,,,,,,,,,,,,,,,,,,,,,,,,,,,,,,,,,,,,,,
Stompa (DS),ls_stompa_ds,Лёгкий гаргант,Смерточерепа,ls_stomp_em,12,4000,600,5000,,450,55,,110,120,90,50,60,500,FRONT,,180,0.3,1,,,10,20,20,20,1,20,9,80000,8,20,300,0.25,16,16,,,,,,,,ls_ds_bp,,0.3,2,3,,2103
Stompa (ES),ls_stompa_es,Лёгкий гаргант,Злые Солнца,ls_stomp_em,12,3500,550,5000,,450,55,,135,140,100,60,75,500,FRONT,,180,0.3,1,,,10,20,20,20,1,20,9,80000,8,20,300,0.25,16,16,,,,,,,,ls_es_bp,,0.3,2,3,,2103
Stompa (BA),ls_stompa_ba,Лёгкий гаргант,Кровавые Топоры,ls_stomp_em,12,3500,600,5000,,450,55,,120,120,90,50,60,500,FRONT,,180,0.3,1,,,10,20,20,20,1,20,9,80000,8,20,300,0.25,16,16,,,,,,,,ls_ba_bp,,0.3,2,3,,2103
Stompa (BM),ls_stompa_bm,Лёгкий гаргант,Дурные Луны,ls_stomp_em,12,3500,550,5750,,500,65,,110,120,90,50,60,500,FRONT,,180,0.3,1,,,10,20,20,20,1,20,9,80000,8,20,300,0.25,16,16,,,,,,,,ls_bm_bp,,0.3,2,3,,2103
,,,,,,,,,,,,,,,,,,,,,,,,,,,,,,,,,,,,,,,,,,,,,,,,,,,,,
,,,,,,,,,,,,,,,,,,,,,,,,,,,,,,,,,,,,,,,,,,,,,,,,,,,,,
#Generic,,,,,,,,,,,,,,,,,,,,,,,,,,,,,,,,,,,,,,,,,,,,,,,,,,,,,
Grunt,ls_grunt,Шаттл,Орочий,ls_ere_we_go,3,1800,300,900,938,100,25,,100,75,50,45,60,300,NONE,,0,0,0,,,10,120,80,40,1,40,9,4500,5,10,240,0.25,2,2,35,70,,,50,100,"CIVILIAN, TRANSPORT",ls_orky_bp,,0.5,2,3,,1003
Haula,ls_haula,Хаула,Орочий,ls_redbutton,5,3500,300,1500,,100,35,,40,25,20,15,7,500,FRONT,,120,0.5,1,,,20,30,250,300,2,150,9,20000,5,20,240,0.25,3,3,133,200,,,,,"CIVILIAN, FREIGHTER",ls_orky_bp,,0.6,2,4,,304
Mega Haula,ls_mega_haula,Хаула,Орочий,ls_redbutton,10,7500,650,4000,3600,200,60,1,50,25,10,12,12,2400,FRONT,,150,0.5,1,,,80,160,500,800,4,200,8,65000,3,20,480,0.25,10,10,,,,,,,"CIVILIAN, FREIGHTER",ls_orky_bp,,0.6,2,3,,411.2
Loot Hoarda,ls_loot_horda,Корабль добычи,Орочий,damper,17,13500,500,7000,6000,350,175,1,30,12,5,4,2,4800,NONE,,0,0,0,,,150,500,1800,1200,10,40,7,125000,2,20,720,0.25,21,21,,,,,,,"CIVILIAN, FREIGHTER",ls_orky_bp,,0.6,2,4,,
,,,,,,,,,,,,,,,,,,,,,,,,,,,,,,,,,,,,,,,,,,,,,,,,,,,,,
#Special,,,,,,,,,,,,,,,,,,,,,,,,,,,,,,,,,,,,,,,,,,,,,,,,,,,,,
Suisei Yosei,ls_miko_comet,Суперистребитель,Орочий,miko_repairkit,20,2300,450,7500,,500,40,,160,120,65,120,150,390,FRONT,,240,0.3,0.85,,,10,50,50,50,1,20,10,600000,6,20,400,0.25,20,20,,,,,,,,"no_sell, no_dealer, restricted",,0.4,2,3,,77777
,,,,,,,,,,,,,,,,,,,,,,,,,,,,,,,,,,,,,,,,,,,,,,,,,,,,,
Кило Флуорен,ls_lambda,Прототип разведывательного эсминца,Высокие технологии,ls_lambda_teleporter,15,4500,400,8000,,550,70,,100,120,100,40,80,400,OMNI,,180,0.5,0.6,,,29,50,100,80,2,40,10,250000,5,20,420,0.25,20,20,,,,,,,,"no_sell, no_dealer, restricted",,0.75,2,2,,
Apeiron (Baa),ls_aperion_baa,Прототип канонерки,Высокие технологии,phaseteleporter,13,2800,400,6000,6250,400,70,1,110,155,120,45,90,250,FRONT,,270,0.5,0.6,,,5,15,10,15,1,15,10,100000,8,40,150,0.25,15,15,,,,,,,,"no_sell, no_dealer, restricted",0.5,0.75,2,2,,202
Baasilisk ,ls_basilisk_baa,Прототип тяжелого фрегата,Высокие технологии,ls_temporal_shield,9,2400,400,3600,3767,280,70,1,100,110,90,50,100,300,OMNI,,180,0.4,1,,,25,40,50,30,1,30,10,65000,8,25,300,0.25,10,10,,,,,,,,"no_sell, no_dealer, restricted",0.2,0.65,2,4,,777776
Miemieko ,ls_miemieko,Дрон,Высокие технологии,flarelauncher_fighter,,500,100,750,,75,,,300,400,400,200,400,5,FRONT,,360,0,0.8,,,0,0,,,,,,,,,,,,,,,,,,,,,,,,,,
,,,,,,,,,,,,,,,,,,,,,,,,,,,,,,,,,,,,,,,,,,,,,,,,,,,,,
Дефф-сквадрон,ls_deff_skwardon_uzgob,Истребитель-бомбардировщик,Злые Солнца,ls_deff_skwadron,,1000,150,1500,,150,,,240,400,300,100,150,50,NONE,,0,0,0,,,1,1,,,,,,,,,,,,,,,,,,,,,,0,,,,104
Дефф-сквадрон - Киллбой,ls_deff_skwardon_killboy,Истребитель-бомбардировщик,Злые Солнца,ls_uh_oh_killboy,,750,150,1200,,120,,,240,400,300,100,150,50,NONE,,0,0,0,,,1,1,,,,,,,,,,,,,,,,,,,,,,0,,,,104
Дефф-сквадрон - Да Гусь,ls_deff_skwardon_goose,Истребитель-бомбардировщик,Злые Солнца,ls_deff_skwardon_killboy_spawner,,750,150,1200,,120,,,240,400,300,100,150,50,NONE,,0,0,0,,,1,1,,,,,,,,,,,,,,,,,,,,,,0,,,,104
,,,,,,,,,,,,,,,,,,,,,,,,,,,,,,,,,,,,,,,,,,,,,,,,,,,,,
