name,id,tier,rarity,base value,range,damage/second,damage/shot,emp,impact,turn rate,OPs,ammo,ammo/sec,reload size,type,energy/shot,energy/second,chargeup,chargedown,burst size,burst delay,min spread,max spread,spread/shot,spread decay/sec,beam speed,proj speed,launch speed,flight time,proj hitpoints,autoFireAccBonus,extraArcForAI,hints,tags,groupTag,tech/manufacturer,,primaryRoleStr,speedStr,trackingStr,turnRateStr,accuracyStr,customPrimary,customPrimaryHL,customAncillary,customAncillaryHL,noУВСInTooltip,number
,,,,,,,,,,,,,,,,,,,,,,,,,,,,,,,,,,,,,,,,,,,,,,,,
Nieuport линейная винтовка,A_S-F_nieuport,3,0.3,5000,700,,75,10,10,30,8,,,,KINETIC,75,,0.3,0.3,2,0.3,,,,,,1000,,,40,,,,"kinetic9, LR, A_S-F_arktech_wep, no_sell, no_dealer, codex_unlockable",,[АркТех],,Против щитов,,,,Особая,"ЭМИ-урон растет вместе с уровнем потока стреляющего корабля, максимум %s при %s потока или выше.
Попадания по щиту увеличивают мягкий поток цели на величину, равную %s ЭМИ-урона выстрела.",50 | 80% | 160%,"Это оружие становится точнее по мере роста уровня потока стреляющего корабля, достигая максимальной точности при %s потока или выше.",80%,,222004
Salmson залповый гранатомет,A_S-F_salmson,3,0.3,5000,600,,80,40,15,25,8,,,,HIGH_EXPLOSIVE,80,,0,1.25,4,0.25,6,18,3,4,,500,,,60,,,,"he9, A_S-F_arktech_wep, no_sell, no_dealer, codex_unlockable",,[АркТех],,Против брони,,,,,"Выстрелы взрываются при попадании, нанося %s урона в небольшой области.",40 энергетический,,,,222005
Klabu боевая пушка,A_S-F_klabu,3,0.3,15000,850,,500,,25,12,15,,,,HIGH_EXPLOSIVE,600,,0,3,1,,2,8,2,4,,800,,,300,,,,"he17, A_S-F_arktech_wep, no_sell, no_dealer, codex_unlockable",,[АркТех],,Против брони,,,,,"Вызывает взрыв при попадании, наносящий %s урона в средней области.",400 осколочный,,,,222008
Kabid залповое орудие,A_S-F_kabid,3,0.3,5000,900,,160,,12,12,15,,,,KINETIC,450,,0.4,2,1,,0,0,0,0,,4000,,,50,,,FIRE_WHEN_INEFFICIENT,"kinetic16, LR, A_S-F_arktech_wep, no_sell, no_dealer, codex_unlockable",,[АркТех],,Против щитов,,,,,"При попадании квантовые связи запускают залп дополнительных ослабленных выстрелов из основного оружия.

Полный урон залпа: %s
Урон полного залпа в секунду: %S
Поток полного залпа / урон: %s",600 | 250 | 0.75,,,,222013
Kombeo кластерная зенитка,A_S-F_kombeo,3,0.3,5000,450,,60,,10,60,5,,,,HIGH_EXPLOSIVE,50,,0,0.8,1,,0,12,2,12,,700,,,40,,,PD,"pd8, he4, SR, A_S-F_arktech_wep, no_sell, no_dealer, codex_unlockable",,[АркТех],,ПВО (по площади),,,,,"Снаряды выпускают %s кластеров, каждый наносит %s осколочного урона.",4 | 20,,,,222014
Спаренная Kombeo кластерная зенитка,A_S-F_kombeoTwin,3,0.3,15000,500,,60,,10,40,10,,,,HIGH_EXPLOSIVE,50,,0,0.3,1,,0,12,2,12,,700,,,40,,,PD,"pd14, he7, SR, A_S-F_arktech_wep, no_sell, no_dealer, codex_unlockable",,[АркТех],,ПВО (по площади),,,,,"Снаряды выпускают %s кластеров, каждый наносит %s осколочного урона.",4 | 20,,,,222015
Kufikiri умная пушка,A_S-F_kufikiri,3,0.3,15000,850,50,,,1,12,16,,,,ENERGY,,1000,0,0,0.4,1.6,,,,,680000,,,,,,,FIRE_WHEN_INEFFICIENT,"kinetic16, he16, A_S-F_arktech_wep, no_sell, no_dealer, codex_unlockable",,[АркТех],,Адаптивное,,,,,"Выпускает целеуказующий луч, который определяет тип управляемого боеприпаса по пораженной цели.

%s Три заряженных снаряда, каждый наносит %s кинетического и %s ЭМИ-урона (%s)

%s Один нестабильный снаряд, наносящий %s фугасного и %s осколочного урона (%s + %s)",Щит: | 120 | 60 | 180 кинетический УВС | Корпус/броня: | 240 | 180 | 120 фугасный УВС | 90 осколочный УВС,,,,222017
Sumake Magnegun,A_S-F_sumake,3,0.3,5000,600,,60,60,6,25,7,,,,ENERGY,30,,0.4,1.6,1,,0,0,0,0,,650,,,20,,,,"kinetic8, he8, A_S-F_arktech_wep, no_sell, no_dealer, codex_unlockable",,[АркТех],,Подавление,,,,Особая,"Выстрелы расходятся, прежде чем развернуться в направлении прицеливания.",,,,,222018
Kaksos автопушка,A_S-F_kaksos,0,,900,600,,120,,8,12,9,,,,KINETIC,84,,0,0.4,1,,4,22,3,8,,800,,,30,,,,"kinetic15, SR, rare_bp, merc, ind",,,,Против щитов,,,,,,,,,,2224.125
Laaja рассеивающая пушка,A_S-F_laaja,0,,3000,800,,80,,5,12,20,,,,KINETIC,60,,0,3,1,,18,24,2,3,,800,,,30,,,,"kinetic18, rare_bp, merc, ind",,,,Против щитов,,,,Разброс,"Снаряды имеют разную скорость и дальность.
Все снаряды достигнут как минимум %s дальности, а %s достигнут максимальной дальности.",70% | 25%,,,,2227.25
Copperhead пушка-пусковая,A_S-F_copperhead,1,0.8,400,800,,80,,5,20,5,8,1,2,HIGH_EXPLOSIVE,72,,0,0.25,2,0.25,3,15,3,1,,400,500,2.2,40,,9,"GUIDED_POOR, DO_NOT_CONSERVE","he6, LR, rare_bp, merc, ind",,,,Против брони,Средняя,Слабое (коррекция курса),,,,,Наведение снаряда улучшается установкой %s или любым другим источником улучшенной маневренности %s.,ЭЦМ | ракета,,2223.1
Macron пушка,A_S-F_macron,2,,750,800,,20,5,2,30,7,,,,HIGH_EXPLOSIVE,15,,0.1,0.983333,6,0.05,0,0,0,0,,1200,,,10,,,,"he7, LR, remnant, no_dealer",,Остатки,,Против брони,,,,,,,,,,2223.2
Sakset корабельная винтовка,A_S-F_sakset,2,0.9,3500,1100,,500,,30,8,22,,,,KINETIC,900,,0,2,1,,0,8,4,8,,1000,,,250,,,,"kinetic19, LR, rare_bp, merc, ind",,,,Против щитов,,,,,"Снаряд разрывается при попадании, выпуская веер из %s осколков, каждый наносит %s урона.",25 | 30 осколочный,,,,2228.25
Crockett артиллерия,A_S-F_crockett,2,0.8,4000,1000,,450,,100,8,20,,,,HIGH_EXPLOSIVE,450,,0,1.5,1,,0,6,2,2,,650,,,250,,,,"he19, rare_bp, merc",,,,Против брони,,,,,,,,,,2228.3
Quicksand машинная пушка,A_S-F_quicksand,2,,1400,500,,30,,2,40,10,60,6.66666,10,HIGH_EXPLOSIVE,18,,0,0.05,,,1,8,0.5,6,,900,,,20,,,"PD,ANTI_FTR","he12, pd10, SR, rare_bp, merc, ind",,,,ПВО,,,,,,,,,,2223.85
Silaha Linear пушка,A_S-F_silaha,3,0.3,50000,1200,,900,400,400,4,30,,,,ENERGY,1500,,0.9,2.1,1,,0,0,0,0,,2000,,,500,,,,"energy18, he18, kinetic18, LR, A_S-F_arktech_wep, no_sell, no_dealer, codex_unlockable",,[АркТех],,Артиллерийское,,,,,"При попадании увеличивает мягкий поток цели на %s.
Цели также отбрасываются силой удара.",800,Выстрелы не попадают по союзным кораблям и могут проходить над ними.,,,222020
Stamp Tri-пушка,A_S-F_stamp,0,,70,600,,80,,2,18,3,,,,FRAGMENTATION,20,,0,1.2,1,,13,19,2,4,,700,,,30,,,,"kinetic5, he5, derelict, no_dealer, codex_unlockable",,Эксплорариум,,Универсальное,,,,Разброс,,,,,,2223.8
Heatstroke пушка сгорания,A_S-F_heatstroke,3,,999999,1000,,3000,,500,8,35,,,,FRAGMENTATION,2000,,0,5,1,,0,9,3,3,,450,,,500,,,"FIRE_WHEN_INEFFICIENT, DANGEROUS","no_sell, no_dealer, restricted, codex_unlockable",,[Аномальное],,Карательное,,,,,"В полете снаряд выпускает до %s субснарядов, каждый наносит %s урона.
При попадании по корпусу или броне основной снаряд/субснаряды застревают и наносят дополнительно %s/%s урона в течение %s секунд. 
Застрявшие снаряды наносят до %s дополнительного урона, зависящего от уровня потока цели; если цель %s, они %s, а оставшаяся длительность становится %s.",10 | 100 | 900 | 200 фугасный | 8 | 100% | перегружается | воспламеняются | удваивается,,,,22200.3
Nexter пушка-пусковая,A_S-F_nexter,1,0.8,1400,900,,140,,10,12,10,8,0.714285,2,HIGH_EXPLOSIVE,126,,0,0.35,2,0.35,2,12,2,1,,400,550,2.5,80,,9,"GUIDED_POOR, DO_NOT_CONSERVE","he12, rare_bp, merc, ind",,,,Против брони,Средняя,Слабое (коррекция курса),,,,,Наведение снаряда улучшается установкой %s или любым другим источником улучшенной маневренности %s.,ЭЦМ | ракета,,2224.1
Bludgeon гранатомет,A_S-F_bludgeon,0,,600,700,,360,,12,20,6,12,1,2,FRAGMENTATION,108,,0,0.3,1,,2,18,4,4,,500,,,30,,,DO_NOT_CONSERVE,"kinetic8, he10, derelict, no_dealer, codex_unlockable",,Эксплорариум,,Универсальное,,,,,"Выстрелы взрываются при попадании, нанося урон в средней области.",,,,,2223.9
Пусковая целеуказующих маяков,A_S-F_narc,2,0.9,2000,800,,400,100,,30,10,,,,FRAGMENTATION,200,,0,2.5,1,,2,8,2,2,,700,,,40,,,FIRE_WHEN_INEFFICIENT,"utility10, he12, kinetic12, rare_bp, merc",,,,Назначение,,,,,"%s
Каждый выстрел добавляет цели %s зарядов.
Каждый заряд длится %s.
Любые заряды сверх %s вместо этого разряжаются дугой в цель, нанося %s и %s урона.",антипротонный целеуказатель | Три | 10 секунд | 8 | 20 энергетический | 200 ЭМИ,Выстрелы не попадают по союзным кораблям и могут проходить над ними.,,,22227.1
,,,,,,,,,,,,,,,,,,,,,,,,,,,,,,,,,,,,,,,,,,,,,,,,
,,,,,,,,,,,,,,,,,,,,,,,,,,,,,,,,,,,,,,,,,,,,,,,,
плазменный разрыватель,A_S-F_plas_burster,2,0.8,2000,500,,60,,0,35,10,,,,ENERGY,45,,0.2,1.4,5,0.1,,,,,,750,,,100,,,"PD,ANTI_FTR","pd11, SR, hightech_bp, remnant, merc, ind",,,,ПВО (по площади),,,,Разброс,,,,,,22223
импульсный ионный луч,A_S-F_p_ion,2,,600,800,70,,600,1,15,6,,,,ENERGY,,90,0.2,0.1,0.9,1.5,,,,,3200,,,,,,,FIRE_WHEN_INEFFICIENT,"beam10, LR, remnant, no_dealer, codex_unlockable",,Остатки,,Подавление,,,,,"Попадания по корпусу или броне периодически перекидываются дугой на оружие и двигатели, нанося дополнительный ЭМИ- и энергетический урон. Попадания по щитам имеют шанс создать пробивающую щит дугу в зависимости от уровня жесткого потока цели.",,,,,22222.85
IR автопульсер,A_S-F_ir_autopulse,1,,1250,550,,60,,0,20,10,40,4,6,ENERGY,45,,0.06,0.00001,2,0.07333,,,,,,1000,,,,,,,"energy13, remnant, rare_bp, merc, ind",,,,Универсальное,,,,,,,,,,22291.25
X-Pulse лазер,A_S-F_x-pulse,1,,1800,600,,240,,0,15,11,,,,ENERGY,276,,0.4,0.2,,,0,5,1,8,,1000,,,,,,,"energy14, remnant, rare_bp, merc, ind",,,,Универсальное,,,,,,,,,,22291.5
Spellbind массив насыщения,A_S-F_spellbind,3,,999999,900,,2000,,100,10,35,,,,ENERGY,6000,,1,11,1,,,,,,,400,,,,,5,"FIRE_WHEN_INEFFICIENT, DANGEROUS","no_sell, no_dealer, restricted, codex_unlockable, damage_special",,[Аномальное],,Контроль зоны,,,,,Снаряд во время полета случайно выпускает нестабильные энергетические всплески. Каждый всплеск наносит %s урона; сам снаряд урона не наносит и проходит сквозь корабли.,400 энергетический,,,TRUE,22200.2
Formia праща,A_S-F_formia_sling,2,0.75,3000,1200,,80,300,0,15,12,,,,ENERGY,120,,0.4,2,3,0.3,0,4,1,2,,700,100,2.5,90,,,"DO_NOT_AIM, MISSILE_SPREAD","energy13, missile12, remnant, LR, no_dealer, codex_unlockable",,Остатки,,Подавление,Очень быстрая,Хорошее,,,"Попадания по корпусу или броне перекидываются дугой на оружие и двигатели, нанося дополнительный урон, равный %s исходного попадания.

Если установлено в слот типа %s: урон за выстрел увеличивается до %s, а базовая дальность снижается до %s.",25% | энергетический | 100 | 800su,Наведение снаряда улучшается установкой %s или любым другим источником улучшенной маневренности %s.,ЭЦМ | ракета,,22216.3
Formia шторм,A_S-F_formia_storm,2,0.8,9000,1500,,120,250,0,10,26,12,1.5,6,ENERGY,180,,0.2,0.25,6,0.15,0,8,1,2,,700,100,3.15,100,,,"DO_NOT_AIM, DO_NOT_CONSERVE, MISSILE_SPREAD","energy19, missile18, remnant, LR, no_dealer, codex_unlockable",,Остатки,,Подавление,Очень быстрая,Хорошее,,,"Попадания по корпусу или броне перекидываются дугой на оружие и двигатели, нанося дополнительный урон, равный %s исходного попадания.

Если установлено в слот типа %s: урон за выстрел увеличивается до %s, а базовая дальность снижается до %s.",25% | энергетический | 150 | 900su,Наведение снаряда улучшается установкой %s или любым другим источником улучшенной маневренности %s.,ЭЦМ | ракета,,22216.4
электротермальный бластер,A_S-F_electroThermal_blaster,2,,600,500,,150,50,0,35,6,,,,ENERGY,165,,0.5,0.75,1,,0,10,2,4,,1000,,,,,,,"energy9, remnant, rare_bp, merc, ind",,,,Универсальное,,,,,,,,,,22222.25
стробирующий луч,A_S-F_strobe,2,,2000,700,738.46154,,,1,20,11,,,,ENERGY,,560,0,0.05,0.2,0.15,,,,,1000000,,,,,,,,"energy14, beam10, rare_bp, remnant, merc, ind",,,,Универсальное,,,,,,,,,,22220.2
микроимпульсный повторитель,A_S-F_micropulser,1,,300,400,,20,,1,100,4,12,3.75,3,ENERGY,12,,0.06666,0,1,,2,6,0.5,2.5,,1000,,,,,,PD,"pd7, energy7, hightech_bp, remnant, merc, ind",,,,ПВО,,,,,,,,,,22217
ионный ускоритель,A_S-F_ionDriver,3,0.6,6500,700,,400,1500,0,18,20,8,0.5,2,ENERGY,440,,0.5,0.3,1,,0,0,0,0,,1000,,,400,,,"STRIKE, USE_VS_FRIGATES","energy18, rare_bp, merc",,,,Ударное,,,,,,,,,,22224
счетверенное мультикопье,A_S-F_quad_multi-lance,3,,5000,1000,1800,,,1,10,20,4,0.111111,1,ENERGY,,1636.363636,0.3,0.3,0.8,0.6,,,,,4000,,,,,,,,"beam20, LR, rare_bp, merc",,,,Универсальное,,,,,,,,,,22225
тяжелоимпульсный повторитель,A_S-F_heavypulser,2,0.6,5000,600,,50,,0,70,18,60,6,6,ENERGY,20,,0.0625,0,1,,2,8,0.5,3.5,,1000,,,,,,"PD, ANTI_FTR","pd19, energy15, rare_bp, remnant, merc, ind",,,,ПВО,,,,,,,,,,22226
маркер цели,A_S-F_painter,2,,2500,1000,50,,,0,20,10,,,,HIGH_EXPLOSIVE,,100,0.15,0.15,,,,,,,1000000,,,,,,,FIRE_WHEN_INEFFICIENT,"beam12, LR, rare_bp, remnant, merc",,,,Назначение,,,,,"%s
Добавляет цели луча %s заряд в секунду.
Каждый заряд длится %s.
Любые заряды сверх %s вместо этого разряжаются дугой в цель, нанося %s и %s урона.",антипротонный целеуказатель | Один | 10 секунд | 8 | 20 энергетический | 200 ЭМИ,Луч не попадает по союзным кораблям и может проходить над ними.,,,22227
,,,,,,,,,,,,,,,,,,,,,,,,,,,,,,,,,,,,,,,,,,,,,,,,
,,,,,,,,,,,,,,,,,,,,,,,,,,,,,,,,,,,,,,,,,,,,,,,,
Bramble стойка умных бомб,A_S-F_bramble,1,,250,600,,250,,10,45,4,12,0.4,4,FRAGMENTATION,75,,0,3.25,4,0.25,20,30,5,2,,200,600,2.5,150,,50,"GUIDED_POOR, DO_NOT_CONSERVE, PD, ANTI_FTR","utility8, pd6, missile_bp, ind",,,,ПВО (по площади),Медленная,Нет,,,,,,,TRUE,2223.6
Thicket пусковая умных бомб,A_S-F_thicket,1,,1500,1500,,2400,,10,20,10,,,,FRAGMENTATION,0,,0,12,1,,0,0,0,0,,215,80,10,250,,,"ANTI_FTR, DO_NOT_AIM, DO_NOT_CONSERVE","utility11, missile7, missile_bp, ind",,,,Против истребителей,Средняя,Средняя,,,"Ракета разделяется на три умные бомбы, которые затем размещают мины ближнего действия.",,,,TRUE,2223.5
Wasteland комплекс умных бомб,A_S-F_wasteland,2,0.8,4000,1600,,1500,,10,20,18,4,0.0625,,FRAGMENTATION,0,,0,4,1,,0,0,0,0,,350,50,10,350,,,"ANTI_FTR, DO_NOT_AIM, DO_NOT_CONSERVE","utility18, missile15, rare_bp, hist1t, ind",,,,Против истребителей,Средняя,Средняя,,,"Ракеты разворачивают поле боеприпасов, каждый из которых запускает очереди противоистребительных ПРМ.",,,,TRUE,2223.55
Lamia DEM,A_S-F_lamia,2,0.8,250,2000,,300,900,10,20,4,3,0.025,1,ENERGY,0,,0,3,1,,0,0,0,0,,250,85,8,200,,,"DO_NOT_AIM, DO_NOT_CONSERVE, STRIKE, USE_VS_FRIGATES","utility10, missile6, strike1, rare_bp, merc",,,,Подавление,Средняя,Средняя,,,"Попадания суббоеприпасов по корпусу или броне перекидываются дугой на оружие и двигатели, нанося дополнительный урон, равный исходному попаданию.",,,,TRUE,2223.3
Lerna MDEM,A_S-F_lerna,2,0.8,1500,2000,,900,2700,30,10,10,4,0.02,1,ENERGY,0,,0,9,1,,0,0,0,0,,215,80,9,400,,,"DO_NOT_AIM, CONSERVE_1, STRIKE, USE_VS_FRIGATES","utility13, missile7, strike3, rare_bp, merc",,,,Подавление,Средняя,Средняя,,,"Попадания суббоеприпасов по корпусу или броне перекидываются дугой на оружие и двигатели, нанося дополнительный урон, равный исходному попаданию.",,,,TRUE,2223.4
Пусковая LRM Bipartisan,A_S-F_bipartisan,1,,1200,4000,,400,,25,10,9,20,0.1,,HIGH_EXPLOSIVE,0,,0,10,2,0.8,0,0,0,0,,150,100,26,160,,,"DO_NOT_AIM, CONSERVE_1","utility13, missile7, missile_bp, remnant, merc, ind",,,,Дальняя поддержка,Медленная,Плохое,,,,,,,,22212.5
Bipartisan суббоеприпас,A_S-F_bipartisan_sub,0,,6969,8000,,200,,15,10,69,20,0.1,,HIGH_EXPLOSIVE,0,,0,15,2,0.8,0,0,0,0,,250,100,9,80,,,"DO_NOT_AIM, CONSERVE_1, HEATSEEKER, SYSTEM",,,,,Оружие?,Что,Как,,,,,,,,22212.69
Lilin ракетная катушка,A_S-F_lilin,3,0.3,5000,1600,,250,,20,10,5,5,0.16,1,ENERGY,75,,0,1.25,1,,0,0,0,0,,300,800,8,150,,,"DO_NOT_AIM, DO_NOT_CONSERVE, FIRE_WHEN_INEFFICIENT","missile9, A_S-F_arktech_wep, no_sell, no_dealer, codex_unlockable",,[АркТех],,Универсальное,Средняя,Хорошее,,,"Вызывает взрыв при попадании, нанося цели дополнительно %s урона.",250 осколочный,,,,222012
Naxdin аномальная торпеда,A_S-F_naxdin,3,0.3,8000,1200,,400,600,40,10,6,2,0.01666,1,ENERGY,0,,0,8,1,,0,0,0,0,,300,100,8,350,,,"GUIDED_POOR, DO_NOT_CONSERVE, STRIKE, USE_VS_FRIGATES, FIRE_WHEN_INEFFICIENT","utility14, missile9, A_S-F_arktech_wep, no_sell, no_dealer, codex_unlockable",,[АркТех],,Подавление,Средняя,Средняя,,,"При попадании превращается в электромагнитную аномалию, наносящую значительный дополнительный энергетический и ЭМИ-урон всему поблизости.",,,,TRUE,222016
Gimbal блок микроракет,A_S-F_gimbal,1,,1000,1600,,90,,10,10,11,24,0.66666,4,KINETIC,27,,0,2.6,8,0.2,6,20,2,2,,500,150,4.5,50,,,"DO_NOT_AIM, DO_NOT_CONSERVE, FIRE_WHEN_INEFFICIENT, MISSILE_SPREAD, DIRECT_AIM","kinetic12, missile11, remnant, rare_bp, merc, ind",,,,Ближняя поддержка,Быстрая,Хорошее,,,,,,,,22211.1
Sprocket HПРМ,A_S-F_sprocket,1,,300,1200,,300,100,15,10,5,12,,,ENERGY,0,,0,7.5,2,0.5,0,0,0,0,,360,50,4.75,150,,,"DO_NOT_AIM, CONSERVE_1","missile7, rare_bp, merc, remnant, ind, reload_6pt",,,,Против малых целей,Средняя,Хорошее,,,,,,,TRUE,22211.7
Chillblain катализаторная ракета,A_S-F_chillblain,3,,999999,2000,,1000,500,0,10,35,8,,,ENERGY,2000,,0,15,1,,0,0,0,0,,360,100,7,750,,,"DO_NOT_AIM, STRIKE, USE_VS_FRIGATES, CONSERVE_1","no_sell, no_dealer, restricted, codex_unlockable",,[Аномальное],,Против крупных целей,Средняя,Средняя,,,"При попадании или через %s секунд боеголовка ракеты срабатывает, выпуская энергетическое поле.

Энергетическое поле случайно перекидывается дугами на ближайшие корабли, а через %s секунд схлопывается; любой корабль внутри поля получает %s урона, зависящего от его %s и %s.",6 | 5 | энергетический | размера | массы,,,TRUE,22200.1
Nasibu ракетный проектор,A_S-F_nasibu,3,0.3,15000,1500,,200,,10,15,14,50,0.25,10,ENERGY,50,,0.4,9.6,1,,10,10,0,0,,500,100,9,80,,,"DO_NOT_AIM, DO_NOT_CONSERVE, FIRE_WHEN_INEFFICIENT, MISSILE_SPREAD","missile14, A_S-F_arktech_wep, no_sell, no_dealer, codex_unlockable",,[АркТех],,Универсальное,Быстрая,Средняя,,,"Ракеты запускаются веером со случайной ориентацией запуска.

Нестабильные боеголовки детонируют при попадании, нанося цели дополнительно %s урона.",100 фугасный,,,,222019
Destructor ракета артиллерия,A_S-F_destructor,2,,4000,2500,,500,,15,10,20,120,,,HIGH_EXPLOSIVE,0,,0,7,6,1,8,8,0,0,,400,50,6.75,150,,6,"CONSERVE_3, STRIKE, USE_VS_FRIGATES, MISSILE_SPREAD","rocket18, strike15, rare_bp, merc, ind",,,,Против брони,Быстрая,Слабое (коррекция курса),,,"Вызывает взрыв при попадании, нанося %s урона ближайшим целям.",100 осколочный,,,,222101
Contradict ракета артиллерия,A_S-F_contradict,2,,1500,2500,,500,1000,15,10,8,,,,FRAGMENTATION,0,,0,12,1,,8,8,0,0,,400,50,6.75,200,,6,"FIRE_WHEN_INEFFICIENT, MISSILE_SPREAD","rocket6, utility13, rare_bp, merc, ind",,,,Подавление,Быстрая,Слабое (коррекция курса),,,"При попадании увеличивает мягкий поток цели на %s.
Попадания по корпусу или броне создают до %s дуг, каждая наносит %s и %s урона.",750 | 3 | 50 энергетический | 250 ЭМИ,,,TRUE,222102
Omer рассеивающие ракеты,A_S-F_omer,1,,350,1200,,60,,15,40,5,45,0.5,3,HIGH_EXPLOSIVE,15,,0,4.3,3,0.1,16,16,0,0,,450,90,3.75,35,,,"ANTI_FTR, DO_NOT_AIM, DO_NOT_CONSERVE","utility10, missile3, rare_bp, remnant, merc, ind",,,,Против малых целей,Быстрая,Отличное,,,,,,,,22212.1
Albatreos крылатая ракета,A_S-F_albatreos,2,,1800,3000,,1500,,35,12,12,10,,,HIGH_EXPLOSIVE,0,,0,12,1,,8,0,0,0,,500,120,12,250,,,"DO_NOT_AIM, STRIKE, USE_VS_FRIGATES","missile14, strike11, rare_bp, remnant, merc, ind",,,,Добивание,Быстрая,Особая,,,После начальной стадии наведения резко ускоряется и продолжает полет с ограниченным наведением.,,,,TRUE,222103
Twister стойка MIRV,A_S-F_twister,1,0.7,250,2500,,750,,15,25,4,5,,,HIGH_EXPLOSIVE,0,,0,6,1,,0,0,0,0,,250,50,12,150,,,DO_NOT_AIM,"missile8, strike3, missile_bp, merc, ind",,,,Добивание,Средняя,Хорошее,,,,,,,TRUE,22216
Cockatrice DEM-торпеда,A_S-F_cockatrice,2,,2000,2000,,1500,3000,15,15,12,6,,,ENERGY,0,,0,12,1,,0,0,0,0,,160,0,11.5,600,,,"GUIDED_POOR, STRIKE","strike8, missile3, merc, rare_bp, damage_special, damage_soft_flux",,,,Подавление (ударное),Медленная,Хорошее,,,"Ракета выпускает мощный ионный луч при приближении к цели, нанося примерно %s энергетического урона за %s секунд. На этот урон влияют модификаторы ракетного урона, а не энергетического оружия.

Попадания луча по корпусу или броне периодически перекидываются дугой на оружие и двигатели, нанося дополнительный ЭМИ- и энергетический урон. Попадания по щитам имеют шанс создать пробивающую щит дугу в зависимости от уровня жесткого потока цели.",1500 | 4,Гравитационные эффекты замедляют цель и сбивают ее с курса. Эффект силен и особенно заметен против легких кораблей.,,TRUE,22212.11
    Кокатрис - полезная нагрузка,A_S-F_cockatrice_payload,2,,0,1000,400,,1000,100,20,0,,,,ENERGY,0,,0.25,0.65,3.5,0.5,,,,,1000000,,,,,,,"SYSTEM, DANGEROUS",fires_one_burst,,,,,,,,,,,,,,22212.12
Целеуказующий лазер - Кокатрис,A_S-F_targetinglaser_cockatrice,0,,1,0,120,,120,10,200,0,,,,KINETIC,,0,0.05,0.05,,,,,,,1000000,,,,,,,SYSTEM,,,,,Особое,,,,,,,,,,22212.13
Termite пусковая ПРМ,A_S-F_termite,2,,5000,1500,,400,300,10,20,20,240,,,FRAGMENTATION,0,,0,6.75,4,0.15,18,18,0,0,,350,100,9.5,90,,,"ANTI_FTR, DO_NOT_AIM, DO_NOT_CONSERVE","utility18, missile15, rare_bp, remnant, merc",,,,Подавление,Быстрая,Отличное,,,"При попадании ракета создает до %s дуг, каждая наносит %s и %s урона.",2 | 40 энергетический | 150 ЭМИ,,,,22218
Торпеда класса Moros,A_S-F_moros,2,0.5,600,1200,,600,,20,10,3,4,,,HIGH_EXPLOSIVE,0,,0,5,1,,0,0,0,,,700,400,2.4,180,,,STRIKE,"strike8, rocket3, remnant, reload_3pt, codex_unlockable",,Остатки,,Торпедное,Очень быстрая,Нет,,,,,,,TRUE,2229.2
Cauldron торпеда сдвига потока,A_S-F_cauldron_pod,1,,1200,1200,,800,1600,40,10,10,10,,,ENERGY,0,,0,12,1,,0,0,0,0,,440,100,3.5,480,,,STRIKE,"strike13, rocket8, rare_bp, merc, remnant",,,,Торпедное,Быстрая,Нет,,,"Попадания по щитам превращают до %s мягкого потока цели в жесткий поток.

Попадания по корпусу или броне %s раз перекидываются дугой на оружие и двигатели; каждая дуга наносит %s энергетического и %s ЭМИ-урона.",1000 | 4 | 100 | 400,,,TRUE,2229.11
Persis мульти-искатель,A_S-F_persis,3,0.3,5000,2000,,600,,30,10,5,4,0.083333,1,ENERGY,240,,0,2.5,1,,0,0,0,0,,400,100,5,150,,,"DO_NOT_AIM, DO_NOT_CONSERVE, FIRE_WHEN_INEFFICIENT","missile9, A_S-F_arktech_wep, no_sell, no_dealer, codex_unlockable",,[АркТех],,Огневая поддержка,Быстрая,Отличное,,,,,,,,222021
Weaver ракетный блок,A_S-F_weaver,0,,900,1200,,80,,5,28,7,100,1,10,HIGH_EXPLOSIVE,0,,0,7.05,20,0.05,11,23,0.5,0.5,,360,90,4.5,45,,,,"rocket12, strike7, derelict, no_dealer, codex_unlockable",,Эксплорариум,,Давление,Средняя,Пьяное,,,"Нестабильное топливо может перегреться в полете, вызывая преждевременную детонацию ракеты.",,,,,22212.33
,,,,,,,,,,,,,,,,,,,,,,,,,,,,,,,,,,,,,,,,,,,,,,,,
,,,,,,,,,,,,,,,,,,,,,,,,,,,,,,,,,,,,,,,,,,,,,,,,
,,,,,,,,,,,,,,,,,,,,,,,,,,,,,,,,,,,,,,,,,,,,,,,,
Paladin система ПВО (Tri),A_S-F_paladin_tri,0,,100000,600,600,,,0,75,,12,1,,ENERGY,,240,0,0,0.2,0.1,,,,,1000000,,,,,,,"PD, ANTI_FTR, SYSTEM, SHOW_IN_CODEX","pd19, beam15",,,,ПВО,,,,,"Когда все подлучи попадают в цель рядом друг с другом, эффект скалывания создает взрыв, наносящий до 100 очков осколочного урона другим ближайшим целям.",100 | осколочный,,,,22226
Shevalye система ПВО,A_S-F_paladin_tri_mod,0,,100000,600,600,,,0,75,,,,,ENERGY,,210,0,0,0.25,0.25,,,,,1000000,,,,,,,"PD, ANTI_FTR, SYSTEM, SHOW_IN_CODEX","pd19, beam15, codex_require_related",,,,ПВО,,,,,"Когда все подлучи попадают в цель рядом друг с другом, эффект скалывания создает взрыв, наносящий до 100 очков осколочного урона другим ближайшим целям.",100 | осколочный,,,,22226.1
Мортира разрушения,A_S-F_dis_mortar,0,,1000,400,,40,80,10,30,,,,,FRAGMENTATION,50,,0,1,1,,0,15,3,10,,500,,,10,,,"SYSTEM, PD, PD_ALSO, FIRE_WHEN_INEFFICIENT",kinetic1,,,,Подавление,,,,,,,,,,2220.8
Formia излучатель,A_S-F_formia,0,,10000,800,,80,300,0,0,,,,,ENERGY,80,,0.6,6.5,6,0.3,0,4,1,2,,800,200,2.5,90,,,"SYSTEM, DO_NOT_AIM, MISSILE_SPREAD, SHOW_IN_CODEX","energy10, missile12, restricted, codex_require_related",,Остатки,,Подавление,Очень быстрая,Хорошее,,,"Попадания по корпусу или броне перекидываются дугой на оружие и двигатели, нанося дополнительный урон, равный %s исходного попадания.",25%,Наведение снаряда улучшается установкой %s или любым другим источником улучшенной маневренности %s.,ЭЦМ | ракета,,22216.1
импульсный ионный луч (истребитель),A_S-F_p_ion_f,0,,1000,700,70,,450,0,20,,,,,ENERGY,,90,0.2,0.1,0.8,1.6,,,,,1500,,,,,,,"SYSTEM, FIRE_WHEN_INEFFICIENT, SHOW_IN_CODEX","beam10, LR, codex_require_related",,Остатки,,Подавление,,,,,"Попадания по корпусу или броне периодически перекидываются дугой на оружие и двигатели, нанося дополнительный ЭМИ- и энергетический урон. Попадания по щитам имеют шанс создать пробивающую щит дугу в зависимости от уровня жесткого потока цели.",,,,,22222.86
Formia излучатель (система),A_S-F_formia_sys,0,,10000,1600,,65,200,0,0,,,,,ENERGY,65,,0.5,1,1,,0,4,1,2,,800,200,5,80,,,"SYSTEM, DO_NOT_AIM, MISSILE_SPREAD","energy10, missile12, restricted",,,,Подавление,Очень быстрая,Хорошее,,,"Попадания по корпусу или броне перекидываются дугой на оружие и двигатели, нанося дополнительный урон, равный %s исходного попадания.",25%,Наведение снаряда улучшается установкой %s или любым другим источником улучшенной маневренности %s.,ЭЦМ | ракета,,22216.2
завеса иллюзий,A_S-F_phantasmagoria_missile,0,,10000,900,,160,40,10,0,,30,1.25,10,ENERGY,,,0,2.3,10,0.1,0,0,0,,,500,1000,6,140,,,"SYSTEM, DO_NOT_AIM, DO_NOT_CONSERVE, MISSILE_SPREAD, RESET_BARREL_INDEX_ON_BURST, SHOW_IN_CODEX","no_drop, no_sell, no_drop_salvage, codex_require_related",,,,Универсальное,Быстрая,Отличное,,,,,,,,22219.11
покров иллюзий,A_S-F_phantasmagoria_micro_missile,0,,10000,900,,80,100,5,0,,64,2.666666,16,FRAGMENTATION,,,0,1.65,8,0.05,0,0,0,,,600,1200,5,40,,,"SYSTEM, DO_NOT_AIM, DO_NOT_CONSERVE, MISSILE_SPREAD, RESET_BARREL_INDEX_ON_BURST, SHOW_IN_CODEX","no_drop, no_sell, no_drop_salvage, codex_require_related",,,,Подавление,Очень быстрая,Отличное,,,"Попадания по корпусу или броне перекидываются дугой на оружие и двигатели, нанося дополнительный урон, равный %s исходного попадания.",40%,,,,22219.12
раздел иллюзий,A_S-F_phantasmagoria_missile_stk,0,,10000,900,,400,120,25,0,,8,0.25,4,HIGH_EXPLOSIVE,,,0,4.4,4,0.2,0,0,0,,,400,400,4.5,250,,,"SYSTEM, STRIKE, USE_VS_FRIGATES, DIRECT_AIM, DO_NOT_AIM, DO_NOT_CONSERVE, RESET_BARREL_INDEX_ON_BURST, SHOW_IN_CODEX","no_drop, no_sell, no_drop_salvage, codex_require_related",,,,Ударное,Быстрая,Хорошее,,,"Вызывает взрыв при попадании, нанося %s урона ближайшим целям.",100 энергетический,,,,22219.13
режущий барраж,A_S-F_phantasmagoria_cutter,0,,1000,500,,20,,2,50,,,,,ENERGY,10,,0,0.1,,,6,14,1,8,,1600,,,,,,"SYSTEM, PD, PD_ALSO, SHOW_IN_CODEX","no_drop, no_sell, no_drop_salvage, codex_require_related",,,,Штурмовое,,,,,"После использования пространственного телепорта это оружие ненадолго перегружается.
В перегруженном состоянии выстрелы наносят %s урона.",40,,,,22219.2
режущий барраж перегруз,A_S-F_phantasmagoria_cutter_overcharge,0,,1000,500,,40,10,4,50,,,,,ENERGY,10,,0,0.1,,,6,14,1,8,,1600,,,,,,"SYSTEM, PD, PD_ALSO","no_drop, no_sell, no_drop_salvage",,,,Силовое,,,,,,,,,,22219.25
рассекающий барраж,A_S-F_phantasmagoria_slicer,0,,1000,450,,15,,1,50,,,,,KINETIC,8,,0,0.6,,,14,22,2,8,,1200,,,,,6,"SYSTEM, PD, PD_ALSO, SHOW_IN_CODEX","no_drop, no_sell, no_drop_salvage, codex_require_related",,,,Штурмовое,,,,,"После использования пространственного телепорта это оружие ненадолго перегружается.
В перегруженном состоянии выпускает %s выстрелов за раз.",12,,,,22219.3
рассекающий барраж перегруз,A_S-F_phantasmagoria_slicer_overcharge,0,,1000,450,,15,5,2,50,,,,,KINETIC,8,,0,0.6,,,14,22,1,8,,1300,,,,,6,"SYSTEM, PD, PD_ALSO","no_drop, no_sell, no_drop_salvage",,,,Силовое,,,,,,,,,,22219.35
пробивающий барраж,A_S-F_phantasmagoria_piercer,0,,1000,550,,60,20,6,50,,,,,HIGH_EXPLOSIVE,48,,0,0.7,2,0.1,2,7,1,6,,2000,,,,,,"SYSTEM, PD, PD_ALSO, SHOW_IN_CODEX","no_drop, no_sell, no_drop_salvage, codex_require_related",,,,Штурмовое,,,,,"После использования пространственного телепорта это оружие ненадолго перегружается.
В перегруженном состоянии выстрелы наносят %s урона, а попадания по корпусу или броне перекидываются дугой на оружие и двигатели, нанося дополнительный урон, равный %s исходного попадания.",100 | 30%,,,,22219.4
пробивающий барраж перегруз,A_S-F_phantasmagoria_piercer_overcharge,0,,1000,550,,100,60,12,50,,,,,HIGH_EXPLOSIVE,48,,0,0.4,,,2,7,1,6,,2000,,,,,,"SYSTEM, PD, PD_ALSO","no_drop, no_sell, no_drop_salvage",,,,Силовое,,,,,,,,,,22219.45
Disruption автопушка,A_S-F_dis_ac,0,,1000,400,,35,50,5,40,,,,,KINETIC,25,,0,0.5,1,,0,7,1,15,,800,,,20,,,"SYSTEM, PD, PD_ALSO, FIRE_WHEN_INEFFICIENT",,,,,Подавление,,,,,,,,,,2220.9
Vunja автопушка,A_S-F_breaker,0,,100000,900,,100,,10,10,,,,,FRAGMENTATION,75,,0,0.25,1,,0,8,1,12,,800,,,40,,,"SYSTEM, PD, PD_ALSO, FIRE_WHEN_INEFFICIENT, SHOW_IN_CODEX",codex_require_related,,[АркТех],,Универсальное,,,,,Выстрелы наносят дополнительно %s урона при попадании.,50 фугасный,,,,222001
Gaderoga ракета,A_S-F_gaderoga_rkt,0,,1000,1000,,100,10,10,0,,,,,KINETIC,,,0,0.1,1,,4,12,2,8,,700,100,3,80,,,SYSTEM,,,,,Против щитов,Быстрая,Нет,,,,,,,,222002
Ракета Gaderoga,A_S-F_gaderoga_mssl,0,,1000,1000,,120,20,10,0,,,,,FRAGMENTATION,,,0,0.1,1,,0,0,0,0,,450,150,4,60,,,"SYSTEM, ANTI_FTR, DO_NOT_AIM, MISSILE_SPREAD",,,,,Подавление,Быстрая,Отличное,,,,,,,,222003
Ракета Gaderoga 2,A_S-F_gaderoga_mssl_2,0,,1000,1000,,120,20,10,0,,,,,FRAGMENTATION,,,0,0.1,1,,0,0,0,0,,450,250,4,60,,,"SYSTEM, ANTI_FTR, DO_NOT_AIM, MISSILE_SPREAD",,,,,Подавление,Быстрая,Отличное,,,,,,,,222003.1
Kombora ракетная установка,A_S-F_kombora,0,,1000,1500,,200,200,15,20,,8,0.4,,FRAGMENTATION,0,,0,1,1,,5,10,1,5,,450,80,4.5,80,,,"SYSTEM, GUIDED_POOR, DO_NOT_CONSERVE, MISSILE_SPREAD, SHOW_IN_CODEX",codex_require_related,,[АркТех],,Подавление,Быстрая,Средняя,,,"Попадания по щитам имеют шанс пробиться дугой к оружию и двигателям, нанося %s ЭМИ-урона. Шанс пробить щит зависит от уровня жесткого потока цели.",200,,,,222006
Глушащий массив Zalak,A_S-F_zalak,0,,10000,800,200,,150,300,12,,,,,ENERGY,,400,0.25,0.5,0.75,2.5,,,,,20000,,,,,,,"SYSTEM, FIRE_WHEN_INEFFICIENT, SHOW_IN_CODEX",codex_require_related,,[АркТех],,Нарушение,,,,,"Если луч попадает по кораблю, оружие выпускает очередь из %s снарядов, каждый наносит %s и %s урона и пробивается дугой сквозь щиты к оружию и двигателям, нанося %s урона.
Сам луч замедляет цели и сбивает их с курса. Эффект силен и особенно заметен на легких целях.",7 | 80 энергетический | 150 ЭМИ | 75 ЭМИ,,,,222007
Dhoruba ракетный массив,A_S-F_rainstorm_L,0,,100000,1500,,135,,10,10,,,,,KINETIC,54,,0,0.75,1,,0,8,1,12,,750,350,5,100,,,"SYSTEM, ANTI_FTR, DO_NOT_AIM, MISSILE_SPREAD, DO_NOT_CONSERVE, FIRE_WHEN_INEFFICIENT, SHOW_IN_CODEX",codex_require_related,DHORUBA_ONLY,[АркТех],,Против щитов,Быстрая,Хорошее,,,,,,,,222009
Dhoruba ракетный массив,A_S-F_rainstorm_R,0,,100000,1500,,135,,10,10,,,,,KINETIC,54,,0,0.75,1,,0,8,1,12,,750,350,5,100,,,"SYSTEM, ANTI_FTR, DO_NOT_AIM, MISSILE_SPREAD, DO_NOT_CONSERVE, FIRE_WHEN_INEFFICIENT",invisible_in_codex,DHORUBA_ONLY,[АркТех],,Против щитов,Быстрая,Хорошее,,,,,,,,222009.1
Grandum торпедная установка,A_S-F_grandum_torp,0,,10000,1500,,600,60,60,10,,,,,FRAGMENTATION,0,,0,1,1,,0,0,0,0,,450,150,5,250,,,"SYSTEM, GUIDED_POOR, MISSILE_SPREAD",,,[АркТех],,Добивание,Быстрая,Хорошее,,,,,,,,222010
Zweig ПРМ,A_S-F_zweig_srm,0,,1000,800,,125,,10,10,,,,,HIGH_EXPLOSIVE,0,,0,0.1,1,,20,40,5,3,,500,160,5,60,,,"SYSTEM, ANTI_FTR, DO_NOT_AIM, DO_NOT_CONSERVE, MISSILE_SPREAD",,,,,Против малых целей,Очень быстрая,Отличное,,,,,,,,222200
Tereshkov ударная ракета,A_S-F_tereshkov_rocket,0,,10000,1500,,800,,35,10,,4,0.066666,1,HIGH_EXPLOSIVE,0,,0,4,1,,0,0,0,,,700,100,4.5,300,,,"SYSTEM, DO_NOT_AIM, CONSERVE_1, STRIKE, USE_VS_FRIGATES, DIRECT_AIM, SHOW_IN_CODEX",codex_require_related,,,,Ударное,Очень быстрая,Средняя,,,"При попадании в цель выпускается веер из %s снарядов, каждый наносит %s урона.",5 | 150 осколочный,,,,222201
Coralian узлы фотонного ланцета L,A_S-F_coralian_l,,,,,,,,,,,,,,,,,,,,,,,,,,,,,,,,SYSTEM,"no_drop, no_drop_salvage",,,,ДЕКОР,,,,,,,,,,22205.1
Coralian узлы фотонного ланцета R,A_S-F_coralian_r,,,,,,,,,,,,,,,,,,,,,,,,,,,,,,,,SYSTEM,"no_drop, no_drop_salvage",,,,ДЕКОР,,,,,,,,,,22205.2
Coralian фотонный ланцет,A_S-F_coralian_core,0,,10000,700,,250,,10,18,,,,,ENERGY,200,,0,4,1,,0,0,0,0,,1000,,,80,,,"SYSTEM, STRIKE, USE_VS_FRIGATES, SHOW_IN_CODEX",codex_require_related,,,,Ударное,,,,Особая,"Выстрелы запускаются из портов на корпусе, расходятся и затем разворачиваются к текущей цели.",,,,,22205.3
Coralian субснаряд фотонного ланцета,A_S-F_coralian_sub,0,,10000,760,,250,,10,18,,,,,ENERGY,200,,0,4,1,,0,0,0,0,,1000,,,80,,,"SYSTEM, DO_NOT_AIM, STRIKE, USE_VS_FRIGATES",,,,,Ударное,,,,Особая,"Выстрелы запускаются из портов на корпусе, расходятся и затем разворачиваются к текущей цели.",,,,,22205.4
Compac массив искателей,A_S-F_compac,0,,10000,500,,30,,1,90,,,,,ENERGY,10,,0,0.85,4,0.05,2,10,2,4,,800,,,10,,10,"SYSTEM, GUIDED_POOR, PD, IGNORES_FLARES, SHOW_IN_CODEX",codex_require_related,,,,ПВО,,,,,Каждый снаряд наносит %s дополнительного урона при попадании по ракете или истребителю.,30,,,,22205.5
Compac субснаряд массива искателей,A_S-F_compac_sub,0,,10000,600,,30,,1,90,,,,,ENERGY,10,,0,0.85,4,0.05,2,10,2,4,,800,,,10,,10,"SYSTEM, GUIDED_POOR, PD, IGNORES_FLARES",,,,,ПВО,,,,,Каждый снаряд наносит %s дополнительного урона при попадании по ракете или истребителю.,30,,,,22205.6
тактическое копье,A_S-F_tacLance,0,,1000,1000,160,,,1,25,,,,,ENERGY,,0,0.15,0.15,0.65,1.45,,,,,4000,,,,,,,"SYSTEM, PD, SHOW_IN_CODEX",,,,,Универсальное / ПВО,,,,,,,,,,222018.1
Huivi ракетный блок,A_S-F_henki_l,0,,1000,1600,,100,40,5,10,,30,0.5,6,FRAGMENTATION,,,0,2.25,6,0.15,1,1,0,0,,600,750,4.5,90,,,"SYSTEM, DO_NOT_AIM, DO_NOT_CONSERVE, FIRE_WHEN_INEFFICIENT, MISSILE_SPREAD, RESET_BARREL_INDEX_ON_BURST",,HUIVI_ONLY,,,Насыщение,Быстрая,Хорошее,,,,,,,,22206
Huivi ракетный блок,A_S-F_henki_r,0,,1000,1600,,100,40,5,10,,30,0.5,6,FRAGMENTATION,,,0,2.25,6,0.15,1,1,0,0,,600,750,4.5,90,,,"SYSTEM, DO_NOT_AIM, DO_NOT_CONSERVE, FIRE_WHEN_INEFFICIENT, MISSILE_SPREAD, RESET_BARREL_INDEX_ON_BURST",,HUIVI_ONLY,,,Насыщение,Быстрая,Хорошее,,,,,,,,22206.1
Huivi ракетный блок,A_S-F_pneuma_pod,0,,1000,1600,,100,40,5,10,,80,1.333333,16,FRAGMENTATION,,,0,2.3,8,0.1,1,1,0,0,,600,500,4.5,90,,,"SYSTEM, DO_NOT_AIM, DO_NOT_CONSERVE, FIRE_WHEN_INEFFICIENT, MISSILE_SPREAD, RESET_BARREL_INDEX_ON_BURST, SHOW_IN_CODEX",codex_require_related,HUIVI_ONLY,,,Насыщение,Быстрая,Хорошее,,,,,,,,22206.2
Kombeo кластерная зенитка (истребитель),A_S-F_kombeo_f,0,,1000,400,,40,,10,60,,,,,HIGH_EXPLOSIVE,50,,0,0.66666,1,,0,12,2,12,,700,,,40,,,"SYSTEM, PD, SHOW_IN_CODEX",codex_require_related,,[АркТех],,ПВО (по площади),,,,,"Снаряды выпускают %s кластеров, каждый наносит %s осколочного урона.",3 | 20,,,,222014.1
Kundi пусковая ПРМ,A_S-F_kundi,0,,1000,1000,,120,20,10,0,,3,0.125,1,FRAGMENTATION,,,0,2.4,3,0.3,0,0,0,0,,450,150,4,60,,,"SYSTEM, ANTI_FTR, DO_NOT_AIM, MISSILE_SPREAD, SHOW_IN_CODEX",codex_require_related,,[АркТех],,Против малых целей,Быстрая,Отличное,,,,,,,,22207
АУРА болтер,A_S-F_AURA_bolter,0,,10000,800,,100,,10,16,,,,,FRAGMENTATION,30,,0,0.2,1,,0,10,1,12,,800,,,40,,,"SYSTEM, PD, PD_ALSO, FIRE_WHEN_INEFFICIENT, SHOW_IN_CODEX",codex_require_related,,[АркТех],,Универсальное,,,,,"Когда активен %s, выстрелы становятся заряженными и наносят дополнительно %s урона при попадании.",питание АУРА | 100 энергетический,,,,22208
АУРА болтер заряженный,A_S-F_AURA_bolter_charged,0,,10000,800,,100,,10,16,,,,,FRAGMENTATION,30,,0,0.2,1,,0,10,1,12,,800,,,40,,,"SYSTEM, PD, PD_ALSO, FIRE_WHEN_INEFFICIENT",,,[АркТех],,Универсальное,,,,,Выстрелы заряжены и наносят дополнительно %s урона при попадании.,100 энергетический,,,,22208.1
Gimbal блок микроракет (Bomber),A_S-F_gimbal_bomber,0,,1000,1200,,100,,25,10,,10,,,KINETIC,0,,0,4.2,10,0.2,6,20,2,2,,550,90,4,50,,6,"SYSTEM, STRIKE, USE_VS_FRIGATES, MISSILE_SPREAD, DIRECT_AIM, SHOW_IN_CODEX",,,,,Против щитов,Быстрая,Хорошее,,,,,,,TRUE,22211.11
Sprocket HПРМ (Bomber),A_S-F_sprocket_bomber,0,,1000,1200,,300,100,15,10,,2,,,ENERGY,0,,0,4.5,2,0.5,0,0,0,0,,360,50,4.75,150,,6,"SYSTEM, STRIKE, USE_VS_FRIGATES, MISSILE_SPREAD, SHOW_IN_CODEX",,,,,Против малых целей,Средняя,Хорошее,,,,,,,TRUE,22211.71
Contradict ракета (Bomber),A_S-F_contradict_bomber_fake,0,,1000,1200,,400,600,15,10,,1,,,FRAGMENTATION,0,,0,5,1,,8,8,0,0,,400,0,4.5,150,,6,"SYSTEM, STRIKE, USE_VS_FRIGATES, MISSILE_SPREAD, SHOW_IN_CODEX",,,,,Подавление,Быстрая,Слабое (коррекция курса),,,"При попадании увеличивает мягкий поток цели на %s.
Попадания по корпусу или броне создают до %s дуг, каждая наносит %s и %s урона.",450 | 3 | 40 энергетический | 150 ЭМИ,,,TRUE,222102.1
Aspina рассеивающие ракеты,A_S-F_aspina,0,,10000,1200,,75,,16,0,,100,3.33333,10,HIGH_EXPLOSIVE,0,,0,2.76,5,0.06,32,32,0,0,,500,90,4,50,,,"SYSTEM, ANTI_FTR, DO_NOT_AIM, DO_NOT_CONSERVE, FIRE_WHEN_INEFFICIENT, SHOW_IN_CODEX",codex_require_related,,,,Против малых целей,Быстрая,Отличное,,,,,"Скорость восстановления боезапаса снижена до %s от стандартной, пока активен %s.",25% | баллистический форсаж,,22212.2
Akva Vit Graviton Missiles,A_S-F_akvavit,0,,10000,1600,,30,,15,10,,,,,KINETIC,0,,0,7.85,24,0.05,4,4,0,0,,500,130,5.5,100,,,"SYSTEM, ANTI_FTR, DO_NOT_AIM, DO_NOT_CONSERVE, FIRE_WHEN_INEFFICIENT, RESET_BARREL_INDEX_ON_BURST, SHOW_IN_CODEX",codex_require_related,,,,Нарушение,Быстрая,Отличное,,,"При попадании применяет импульс, притягивающий цель.",,,,,22212.3
Philia Mag Missiles,A_S-F_akvavit_lafiel,0,,10000,1600,,60,100,15,10,,,,,ENERGY,0,,0,6.9,12,0.1,4,4,0,0,,400,120,6.6,180,,,"SYSTEM, ANTI_FTR, DO_NOT_AIM, DO_NOT_CONSERVE, FIRE_WHEN_INEFFICIENT, RESET_BARREL_INDEX_ON_BURST, SHOW_IN_CODEX",codex_require_related,,,,Нарушение,Быстрая,Отличное,,,"При попадании магнитные помехи замедляют цель.

Попадания по корпусу или броне перекидываются дугой на оружие и двигатели, нанося дополнительный ЭМИ- и энергетический урон. Попадания по щитам имеют шанс создать пробивающую щит дугу в зависимости от уровня жесткого потока цели.",,,,,22212.4
Короткая мортира,A_S-F_snubmortar,0,,10000,500,,150,,16,30,,,,,HIGH_EXPLOSIVE,120,,0,1.2,1,0,2,17,5,5,,500,,,30,,,"SYSTEM, STRIKE, USE_VS_FRIGATES, SHOW_IN_CODEX",,,,,Против брони,,,,,,,,,,22203.9
Macron пушка (одиночная),A_S-F_macron_single,0,,1000,900,,20,5,2,20,,,,,HIGH_EXPLOSIVE,15,,0.1,1.25,6,0.05,0,0,0,0,,1200,,,10,,,"SYSTEM, SHOW_IN_CODEX",codex_require_related,,,,Против брони,,,,,,,,,,2223.21
Cauldron торпеда сдвига потока,A_S-F_cauldron,0,,1000,1200,,800,1600,40,10,,1,,,ENERGY,0,,0,5,1,,0,0,0,0,,440,100,3.5,480,,,"SYSTEM, STRIKE, SHOW_IN_CODEX",,,,,Торпедное,Быстрая,Нет,,,"Попадания по щитам превращают до %s мягкого потока цели в жесткий поток.

Попадания по корпусу или броне %s раз перекидываются дугой на оружие и двигатели; каждая дуга наносит %s энергетического и %s ЭМИ-урона.",1000 | 4 | 100 | 400,,,TRUE,2229.1
микроимпульсный повторитель (High Delay),A_S-F_micropulser_ammon,0,,1000,400,,20,,1,100,,6,2,3,ENERGY,12,,0.06666,0,1,,2,6,0.5,2.5,,1000,,,,,,"SYSTEM, PD",,,,,ПВО,,,,,,,,,,22217.1
Торпеда класса Moros,A_S-F_moros_f,0,,1000,1200,,600,,20,10,,1,,,HIGH_EXPLOSIVE,0,,0,1,1,,0,0,0,,,700,400,3,180,,,"SYSTEM, STRIKE, SHOW_IN_CODEX",codex_require_related,,Остатки,,Торпедное,Очень быстрая,Нет,,,,,,,TRUE,2229.21
Quicksand машинная пушка (истребитель),A_S-F_quicksand_f,0,,1000,500,,30,,2,40,,20,3.33333,5,HIGH_EXPLOSIVE,18,,0,0.1,,,1,8,0.5,6,,900,,,20,,,"SYSTEM,PD,ANTI_FTR, SHOW_IN_CODEX",,,,,ПВО,,,,,,,,,,2223.851
Omer рассеивающие ракеты (истребитель),A_S-F_omer_f,0,,1000,1000,,60,,15,40,,4,0.2,2,HIGH_EXPLOSIVE,15,,0,9.9,2,0.1,16,16,0,0,,450,90,3,25,,,"SYSTEM,ANTI_FTR, DO_NOT_AIM, DO_NOT_CONSERVE, SHOW_IN_CODEX",,,,,Против малых целей,Быстрая,Отличное,,,,,,,,22212.11
Зенитная пушка Jury,A_S-F_jury,0,,10000,600,,140,,10,50,,,,,FRAGMENTATION,21,,0,3.4,6,0.12,4,18,2,4,,650,,,30,,,"SYSTEM, PD",codex_require_related,,,,ПВО (по площади),,,,,,,,,,222104.1
Expiation,A_S-F_expiation,0,,100000,700,,200,,0,20,60,,,,ENERGY,200,,0,1,37,0.4,0,0,0,0,,1200,,,,,,"SYSTEM, FIRE_WHEN_INEFFICIENT",damage_special,,,,Ликвидация,,,,,"%s
Заряжает выстрел, который выпускается при отпускании спуска.
Подробнее см. модификацию корпуса.",заряжаемая снайперская пушка,,,TRUE,222222
,,,,,,,,,,,,,,,,,,,,,,,,,,,,,,,,,,,,,,,,,,,,,,,,
,,,,,,,,,,,,,,,,,,,,,,,,,,,,,,,,,,,,,,,,,,,,,,,,
Пустошь - фиктивный,A_S-F_wasteland_dummy,0,,1000,1000,,125,,15,50,,,,,HIGH_EXPLOSIVE,0,,0,0.1,1,,0,0,0,0,,400,200,4,50,,,"SYSTEM, ANTI_FTR, DO_NOT_AIM",,,,,Против малых целей,Быстрая,Отличное,,,,,,,,22210.11
Nieuport линейная винтовка суб 1,A_S-F_nieuport_sub_1,0,,1000,700,,75,10,10,30,,,,,KINETIC,0,,0,0.1,1,,0,0,0,0,,1000,,,40,,,SYSTEM,,,,,,,,,,,,,,,222004.1
Nieuport линейная винтовка суб 2,A_S-F_nieuport_sub_2,0,,1000,700,,75,20,10,30,,,,,KINETIC,0,,0,0.1,1,,0,0,0,0,,1000,,,40,,,SYSTEM,,,,,,,,,,,,,,,222004.2
Nieuport линейная винтовка суб 3,A_S-F_nieuport_sub_3,0,,1000,700,,75,30,10,30,,,,,KINETIC,0,,0,0.1,1,,0,0,0,0,,1000,,,40,,,SYSTEM,,,,,,,,,,,,,,,222004.3
Nieuport линейная винтовка суб 4,A_S-F_nieuport_sub_4,0,,1000,700,,75,40,10,30,,,,,KINETIC,0,,0,0.1,1,,0,0,0,0,,1000,,,40,,,SYSTEM,,,,,,,,,,,,,,,222004.4
Nieuport линейная винтовка суб 5,A_S-F_nieuport_sub_5,0,,1000,700,,75,50,10,30,,,,,KINETIC,0,,0,0.1,1,,0,0,0,0,,1000,,,40,,,SYSTEM,,,,,,,,,,,,,,,222004.5
Заряд Zalak,A_S-F_zalak_bolt,0,,1000,950,,80,150,0,25,,,,,ENERGY,0,,0,0.1,1,,0,0,0,0,,888,,,60,,,SYSTEM,,,,,,,,,,,,,,,222007.1
Ракета АУРА,A_S-F_AURA_missile,0,,1000,1200,,120,,5,25,,,,,ENERGY,0,,0,0.1,1,,0,0,0,0,,600,300,5,80,,,SYSTEM,,,,,,,,,,,,,,,222011
Kabid суб 1,A_S-F_kabid_sub1,0,,1000,900,,140,10,10,12,,,,,KINETIC,0,,0,0.1,1,,0,0,0,0,,3750,,,50,,,SYSTEM,,,,,,,,,,,,,,,222013.1
Kabid суб 2,A_S-F_kabid_sub2,0,,1000,900,,120,20,8,12,,,,,KINETIC,0,,0,0.1,1,,0,0,0,0,,3500,,,50,,,SYSTEM,,,,,,,,,,,,,,,222013.2
Kabid суб 3,A_S-F_kabid_sub3,0,,1000,900,,100,30,6,12,,,,,KINETIC,0,,0,0.1,1,,0,0,0,0,,3250,,,50,,,SYSTEM,,,,,,,,,,,,,,,222013.3
Kabid суб 4,A_S-F_kabid_sub4,0,,1000,900,,80,40,4,12,,,,,KINETIC,0,,0,0.1,1,,0,0,0,0,,3000,,,50,,,SYSTEM,,,,,,,,,,,,,,,222013.4
Всплеск Naxdin,A_S-F_naxdin_burst,0,,1000,12,,120,,1,12,,,,,ENERGY,0,,0,0.1,1,,0,0,0,0,,4,,,50,,,SYSTEM,dummy_proj,,,,,,,,,,,,,,222016.1
Заряд Naxdin,A_S-F_naxdin_bolt,0,,1000,50,,40,50,5,12,,,,,ENERGY,0,,0,0.1,1,,0,0,0,0,,800,,,50,,,SYSTEM,dummy_proj,,,,,,,,,,,,,,222016.2
Tereshkov - попадание,A_S-F_tereshkov_onhit,0,,1000,120,,150,,4,10,,,,,FRAGMENTATION,0,,0,0.1,1,,0,0,0,0,,600,,,10,,,SYSTEM,,,,,Против брони,,,,,,,,,,222201.1
Kufikiri - фугасный субснаряд,A_S-F_kufikiri_HE_sub,0,,1000,1000,,240,,16,10,,,,,HIGH_EXPLOSIVE,0,,0,0.1,1,,0,0,0,0,,700,,,100,,,SYSTEM,,,,,,,,,,,,,,,222017.1
Kufikiri - кинетический субснаряд,A_S-F_kufikiri_KE_sub,0,,1000,1000,,120,60,9,10,,,,,KINETIC,0,,0,0.1,1,,0,0,0,0,,800,,,100,,,SYSTEM,,,,,,,,,,,,,,,222017.2
Поле коллапса Chillblain,A_S-F_chillblain_field,0,,100000,100,,5000,1000,10,18,,,,,ENERGY,0,,0,1,1,,0,0,0,0,,1,,,800,,,SYSTEM,dummy_proj,,,,Разрушение,,,,,,,,,,22200.11
Nasibu - фиктивный,A_S-F_nasibu_dummy,0,,10000,1500,,200,,10,15,,,,,ENERGY,0,,0,0.1,1,,5,5,0,0,,500,1,9,80,,,SYSTEM,,,,,,,,,,Ракеты запускаются веером со случайной ориентацией запуска.,,,,,222019.1
Зенитный Spellbind,A_S-F_spellbind_flak,0,,100000,40,,200,,15,10,,,,,ENERGY,0,,0,0.1,1,,0,0,0,0,,40,,,100,,,SYSTEM,dummy_proj,,,,,,,,,,,,,,22200.21
Заряд Lamia,A_S-F_lamia_bolt,0,,1000,700,,100,300,4,10,,,,,ENERGY,0,,0,0.1,1,,0,0,0,0,,600,,,10,,,SYSTEM,,,,,,,,,,,,,,,2223.31
Lerna суббоеприпас,A_S-F_lerna_sub,0,,1000,800,,300,900,10,20,,,,,ENERGY,0,,0,0.1,1,,0,0,0,0,,0,0,8,200,,,SYSTEM,,,,,,,,,,"Попадания суббоеприпасов по корпусу или броне перекидываются дугой на оружие и двигатели, нанося дополнительный урон, равный исходному попаданию.",,,,,2223.41
Заряд Lerna,A_S-F_lerna_bolt,0,,1000,800,,100,300,4,10,,,,,ENERGY,0,,0,0.1,1,,0,0,0,0,,600,,,10,,,SYSTEM,,,,,,,,,,,,,,,2223.42
Contradict ракета (Bomber),A_S-F_contradict_bomber_real,0,,1000,1200,,500,800,15,10,,1,,,FRAGMENTATION,0,,0,5,1,,8,8,0,0,,400,0,4.5,150,,6,"SYSTEM, STRIKE, USE_VS_FRIGATES",,,,,Подавление,Быстрая,Слабое (коррекция курса),,,"При попадании увеличивает мягкий поток цели на %s.
Попадания по корпусу или броне создают %s дуг, каждая наносит %s и %s урона.",600 | 3 | 50 энергетический | 200 ЭМИ,,,TRUE,222102.2
Легкая картечная зенитка,A_S-F_light_canister_flak,0,,1000,200,,100,,10,10,,,,,HIGH_EXPLOSIVE,0,,0,0.1,4,0.5,140,140,0,0,,50,200,2,80,,,SYSTEM,,,,,,,,,,,,,,,22235.5
Залповый ПВО-лазер (Clavata),A_S-F_joro_heavyburst,0,,10000,750,360,,180,4,180,,8,0.6,,ENERGY,,200,0.1,0.1,0.3,0.1,,,,,15000,,,,,,,"SYSTEM, PD, ANTI_FTR, IGNORES_FLARES",,,,,ПВО,,,,,Продвинутые встроенные сенсоры наведения позволяют оружию распознавать ложные ловушки и не стрелять по ним.,ложные ловушки,,,,222222.5
Осколок Sakset,A_S-F_sakset_frag,0,,1000,90,,30,0,5,10,,,,,FRAGMENTATION,0,,0,0.1,1,,0,0,0,0,,450,,,10,,,"SYSTEM, PD",,,,,,,,,,,,,,,2228.35
Зенитная завеса,A_S-F_flak_screen,0,,10000,300,,200,,,,,,0,,HIGH_EXPLOSIVE,0,0,0,0.1,5,0.75,100,100,0,0,,50,200,3,150,,,SYSTEM,,,,,,,,,,,,,,,22235.6
Целеуказующий лазер - Silaha,A_S-F_targetinglaser_silaha,0,,1,0,100,,150,8,200,0,,,,ENERGY,,0,0.05,0.05,,,,,,,1000000,,,,,,,SYSTEM,,,,,Особое,,,,,,,,,,222020.1
Persis суббоеприпас,A_S-F_persis_sub,0,,10000,1500,,50,,3,10,,,,,ENERGY,0,,0,0.1,1,,0,0,0,0,,500,100,3,30,,,SYSTEM,,,,,Рой,Быстрая,Отличное,,,,,,,,222021.1
Heatstroke суб,A_S-F_heatstroke_sub,0,,100000,700,,100,,10,10,,,,,ENERGY,0,,0,0.1,1,,0,0,0,0,,350,,,10,,,SYSTEM,,,[Аномальное],,Карательное,,,,,"При попадании по корпусу или броне снаряд застревает и наносит дополнительно %s урона в течение %s секунд. 
Если цель перегружается, застрявшие снаряды воспламеняются, меняя тип урона на %s.",300 осколочный | 8 | фугасный,,,,22200.31
Ракета АУРА,A_S-F_AURA_missile_berz,0,,1000,2400,,120,,5,25,,,,,ENERGY,0,,0,0.1,1,,0,0,0,0,,600,300,10,100,,,SYSTEM,,,,,,,,,,,,,,,222011.1
Diadol Plasma артиллерия,A_S-F_diadol,0,,100000,5000,,1500,,0,10,,,,,ENERGY,0,,0,0.1,1,,0,0,0,0,,650,,,400,,,SYSTEM,,,,,,,,,,,,,,,2220111
Colap Ion артиллерия,A_S-F_colap,0,,100000,5000,,150,600,0,10,,,,,ENERGY,0,,0,0.1,1,,0,0,0,0,,800,,,100,,,SYSTEM,,,,,,,,,,,,,,,2220111.1
Celpek залповая артиллерия,A_S-F_celpek,0,,100000,5500,,180,,0,10,,,,,ENERGY,0,,0,0.1,1,,0,0,0,0,,950,,,100,,,SYSTEM,,,,,,,,,,,,,,,2220111.2
Expiation 2-1,A_S-F_expiation_21,0,,100000,700,,1600,,0,0,,,,,ENERGY,,,0,1,1,,0,0,0,0,,1200,,,1000,,,SYSTEM,,,,,Ликвидация,,,,,,,,,,222222.1
Expiation 2-2,A_S-F_expiation_22,0,,100000,700,,1700,,0,0,,,,,ENERGY,,,0,1,1,,0,0,0,0,,1200,,,1000,,,SYSTEM,,,,,Ликвидация,,,,,,,,,,222222.2
Expiation 2-3,A_S-F_expiation_23,0,,100000,700,,1800,,0,0,,,,,ENERGY,,,0,1,1,,0,0,0,0,,1200,,,1000,,,SYSTEM,,,,,Ликвидация,,,,,,,,,,222222.3
Expiation 2-4,A_S-F_expiation_24,0,,100000,700,,1900,,0,0,,,,,ENERGY,,,0,1,1,,0,0,0,0,,1200,,,1000,,,SYSTEM,,,,,Ликвидация,,,,,,,,,,222222.4
Expiation 2-5,A_S-F_expiation_25,0,,100000,700,,2000,,0,0,,,,,ENERGY,,,0,1,1,,0,0,0,0,,1200,,,1000,,,SYSTEM,,,,,Ликвидация,,,,,,,,,,222222.5
Expiation 3-1,A_S-F_expiation_31,0,,100000,700,,2000,800,0,0,,,,,ENERGY,,,0,1,1,,0,0,0,0,,1200,,,1000,,,SYSTEM,,,,,Ликвидация,,,,,,,,,,222222.6
Expiation 3-2,A_S-F_expiation_32,0,,100000,700,,2000,1000,0,0,,,,,ENERGY,,,0,1,1,,0,0,0,0,,1200,,,1000,,,SYSTEM,,,,,Ликвидация,,,,,,,,,,222222.7
Expiation 3-3,A_S-F_expiation_33,0,,100000,700,,2000,1200,0,0,,,,,ENERGY,,,0,1,1,,0,0,0,0,,1200,,,1000,,,SYSTEM,,,,,Ликвидация,,,,,,,,,,222222.8
Expiation 3-4,A_S-F_expiation_34,0,,100000,700,,2000,1400,0,0,,,,,ENERGY,,,0,1,1,,0,0,0,0,,1200,,,1000,,,SYSTEM,,,,,Ликвидация,,,,,,,,,,222222.9
Expiation 3-5,A_S-F_expiation_35,0,,100000,700,,2000,1600,0,0,,,,,ENERGY,,,0,1,1,,0,0,0,0,,1200,,,1000,,,SYSTEM,,,,,Ликвидация,,,,,,,,,,222222.10
Expiation 4,A_S-F_expiation_4,0,,100000,700,,3000,1000,0,0,,,,,ENERGY,,,0,1,1,,0,0,0,0,,1200,,,1000,,,SYSTEM,,,,,Ликвидация,,,,,,,,,,222222.11
,,,,,,,,,,,,,,,,,,,,,,,,,,,,,,,,,,,,,,,,,,,,,,,,
Rangda Deco,A_S-F_rangda_deco,,,,,,,,,,,,,,,,,,,,,,,,,,,,,,,,SYSTEM,"no_drop, no_drop_salvage",,,,,,,,,,,,,,
Rangda Vector Thruster,A_S-F_rangda_thruster,,,,1,1,,,,,,,,,,,,,10,,,,,,,,,,,,,,SYSTEM,"no_drop, no_drop_salvage",,,,,,,,,,,,,,
Niteo Deco L,A_S-F_niteo_deco_l,,,,,,,,,,,,,,,,,,,,,,,,,,,,,,,,SYSTEM,"no_drop, no_drop_salvage",,,,,,,,,,,,,,
Niteo Deco R,A_S-F_niteo_deco_r,,,,,,,,,,,,,,,,,,,,,,,,,,,,,,,,SYSTEM,"no_drop, no_drop_salvage",,,,,,,,,,,,,,
Niteo Vector Thruster,A_S-F_niteo_thruster,,,,1,,1,,,,,,,,,,,,10,,,,,,,,10,,,,,,SYSTEM,"no_drop, no_drop_salvage",,,,,,,,,,,,,,
Niteo Vector Thruster (Small),A_S-F_niteo_thruster_s,,,,1,,1,,,,,,,,,,,,10,,,,,,,,10,,,,,,SYSTEM,"no_drop, no_drop_salvage",,,,,,,,,,,,,,
Lafiel Deco L,A_S-F_lafiel_deco_l,,,,,,,,,,,,,,,,,,,,,,,,,,,,,,,,SYSTEM,"no_drop, no_drop_salvage",,,,,,,,,,,,,,
Lafiel Deco R,A_S-F_lafiel_deco_r,,,,,,,,,,,,,,,,,,,,,,,,,,,,,,,,SYSTEM,"no_drop, no_drop_salvage",,,,,,,,,,,,,,
Lafiel Vector Thruster,A_S-F_lafiel_thruster,,,,1,,1,,,,,,,,,,,,10,,,,,,,,10,,,,,,SYSTEM,"no_drop, no_drop_salvage",,,,,,,,,,,,,,
Lafiel Vector Thruster (Small),A_S-F_lafiel_thruster_s,,,,1,,1,,,,,,,,,,,,10,,,,,,,,10,,,,,,SYSTEM,"no_drop, no_drop_salvage",,,,,,,,,,,,,,
Flogger Deco,A_S-F_flogger_deco,,,,,,,,,,,,,,,,,,,,,,,,,,,,,,,,SYSTEM,"no_drop, no_drop_salvage",,,,,,,,,,,,,,
,,,,,,,,,,,,,,,,,,,,,,,,,,,,,,,,,,,,,,,,,,,,,,,,
,,,,,,,,,,,,,,,,,,,,,,,,,,,,,,,,,,,,,,,,,,,,,,,,
